#,game
1," """"!23270:3804 20-%"
2," """"!23270:3804 20.%"
3," !$+&,5"
4," !$+',5"
5, !$+0-*
6, !$+0.*
7,  /%26260925 3=3>4?313
8,  /%26260925 3=3>4?314
9,  /%26260925 3=3>4?323
10,  #0/-)
11," !%+&,5"
12," !%+',8"
13,  *.)-3
14,  *.).2
15,  *.*-3
16,  *.*.3
17," !0,+-8"
18," !0,,-8"
19," !"".&-3"
20," !"".&.3"
21," !"".'-3"
22," !"".'.4"
23, !/.(-3
24, !/.(.3
25, !/.)-3
26, !/.).4
27, !))+$
28, !+.(-2
29, !+.(.2
30, !+.)-2
31, !+.).3
32, ! .'-5
33, ! .'.5
34, ! .(-5
35, ! .(.6
36," !*+(,3"
37," !*+),3"
38, !$.&-5
39, !$.&.5
40, !$.'-5
41, !$.'.6
42,"  #+&,4"
43,"  #+',4"
44,  #+/-)
45,  #+/.)
46,  ..)-3
47,  ..).3
48,  ..*-3
49,  ..*.4
50," !*,'-2"
51," !*,(-3"
52,"  -,(-2"
53,"  -,)-3"
54," ""',3&+"
55," !,)*$"
56," !,)+$"
57,"  &+&,6"
58,"  &+',9"
59,  &+7-'
60,  &+7.'
61,"  0++,8"
62,"  0+,,7"
63," !(, ,3"
64," !(,!-4"
65," !(,""-6"
66," !(,#-4"
67," !(,$-4"
68," !(,%-5"
69," !(,&-6"
70," !(,'-9"
71," !(,(-:"
72," !(,*-3"
73," !(,+-3"
74," !(,--3"
75," !(,.-4"
76," !(,/-4"
77," !(,0-8"
78," !(,1-0"
79," !(,2-&"
80," !(,3-$"
81," !(,3.$"
82," !(,3/$"
83," !(,6-/"
84," !(,7-7"
85," !(,8,>"
86," !(,9*<"
87," !(,:.:"
88," !(,=-5"
89,"  %+&,5"
90,"  %+',8"
91,"  ,**$"
92,"  ,*+$"
93,  -.(-2
94,  -.(.2
95,  -.)-2
96,  -.).3
97," ""%-94977:(/5"
98," ""%-94977:)/8"
99,  /.(-3
100,  /.(.3
101,  /.)-3
102,  /.).4
103," !0++,8"
104," !0+,,7"
105,  $/0+*
106," !"",&-3"
107," !"",'-4"
108,"  (, ,3"
109,"  (,!-4"
110,"  (,""-6"
111,"  (,#-4"
112,"  (,$-4"
113,"  (,%-5"
114,"  (,&-6"
115,"  (,'-9"
116,"  (,(-:"
117,"  (,*-3"
118,"  (,+-3"
119,"  (,--3"
120,"  (,.-4"
121,"  (,/-4"
122,"  (,0-8"
123,"  (,1-0"
124,"  (,2-&"
125,"  (,3-$"
126,"  (,3.$"
127,"  (,3/$"
128,"  (,6-/"
129,"  (,7-7"
130,"  (,8,>"
131,"  (,9,;"
132,"  (,:,:"
133,"  (,=-5"
134," !))1=3=2>4?2""#A"
135," !))1=3=2>4?2""#J"
136, !'/2+$
137," !'/2,"""
138, !'/6+&
139," "")++%"
140," !&+&,6"
141," !&+',9"
142, !&+7-'
143, !&+7.'
144,"  *+(,3"
145,"  *+),3"
146, !%.&-5
147, !%.&.5
148, !%.'-8
149, !%.'.9
150,  *)+$
151, !$00-*
152,  (/2+%
153,"  (/2,$"
154,"  ', -5"
155,"  ',!-4"
156,"  ',""-3"
157,"  ',#-3"
158,"  ',$-4"
159,"  ',%-5"
160,"  ',&-5"
161,"  ','-6"
162,"  ',)-2"
163,"  ',*-2"
164,"  ',,-2"
165,"  ',--3"
166,"  ',.-3"
167,"  ',/-8"
168,"  ',0-."
169,"  ',1-("
170,"  ',2-"""
171,"  ',2."""
172,"  ',2/"""
173,"  ',5-."
174,"  ',6-8"
175,"  ',7,="
176,"  ',8,:"
177,"  ',9,9"
178,"  ',<-4"
179," """"2182: 2 .."
180," """"2182: 2!/-"
181," """"2182: 2""/2"
182," """"2182: 2#/2"
183," """"2182: 2).&"
184," """"2182: 2+/+"
185," """"2182: 2,/("
186," """"2182: 2-/#"
187," """"2182: 2/.$"
188," """"2182: 2//$"
189," """"2182: 24//"
190," """"2182: 25//"
191," """"2182: 27/0"
192," """"2182: 28//"
193," """"2182: 29//"
194," """"2182: 2:/0"
195," """"2182: 2;/0"
196," """"2182: 2</0"
197," """"2182: 2=/3"
198," """"2182: 2>/."
199," """"2182: 2?//"
200, !(+ +4
201," !(+!,5"
202," !(+"",3"
203," !(+#,3"
204," !(+$,4"
205," !(+%,5"
206," !(+&,8"
207," !(+',9"
208," !(+),3"
209," !(+*,2"
210," !(+,,2"
211," !(+-,3"
212," !(+.,3"
213," !(+/,7"
214," !(+0,/"
215," !(+1,&"
216," !(+2,%"
217, !(+2-%
218, !(+2.%
219," !(+5,."
220," !(+6,6"
221, !(+7+=
222, !(+8);
223, !(+9-9
224," !(+<,4"
225,"  ,)*$"
226,"  ,)+$"
227,"  '+ ,5"
228,"  '+!,3"
229,"  '+"",3"
230,"  '+#,3"
231,"  '+$,4"
232,"  '+%,5"
233,"  '+&,5"
234,"  '+',6"
235,"  '+),3"
236,"  '+*,2"
237,"  '+,,2"
238,"  '+-,3"
239,"  '+.,3"
240,"  '+/,8"
241,"  '+0,."
242,"  '+1,)"
243,"  '+2,$"
244,  '+2-$
245,  '+2.$
246,"  '+5,."
247,"  '+6,:"
248,  '+6-&
249,  '+6.&
250,  '+7+=
251,  '+8+:
252,  '+9+9
253,"  '+<,4"
254,  ')<@;?9?3%+
255,"  /+(,3"
256,"  /+),3"
257," !**,$"
258, !*)+$
259,"  **,$"
260,"  ""+&,3"
261,"  ""+',3"
262,  #//+)
263, !*.)-3
264, !*.).2
265, !*.*-3
266, !*.*.3
267,"  0,+-8"
268,"  0,,-8"
269, !0.+-8
270, !0.+.8
271," !0.,-7"
272," !0.,.8"
273,"   ,'-5"
274,"   ,(-6"
275," ""(,2&+"
276,  !.&-3
277,  !.&.3
278,  !.'-3
279,  !.'.4
280,"  2,*-4"
281,"  2,+-5"
282, !-.(-2
283, !-.(.2
284, !-.)-2
285, !-.).3
286," ! ,'-5"
287," ! ,(-6"
288," ""),+%"
289,"  !+&,3"
290,"  !+',3"
291," !$,&-5"
292," !$,'-6"
293, !#//+)
294,  2.*-4
295,  2.*.4
296,  2.+-4
297,  2.+.5
298," !++(,2"
299," !++),2"
300,"   +',5"
301,"   +(,5"
302, !&/7+'
303,  '02-$
304,"  '02."""
305,  '06-&
306," !-+(,2"
307," !-+),2"
308,"  ++(,2"
309,"  ++),2"
310,"  $+&,5"
311,"  $+',5"
312,  $+0-*
313,  $+0.*
314, !)*+$
315,  (+ +4
316,"  (+!,5"
317,"  (+"",3"
318,"  (+#,3"
319,"  (+$,4"
320,"  (+%,5"
321,"  (+&,8"
322,"  (+',9"
323,"  (+),3"
324,"  (+*,2"
325,"  (+,,2"
326,"  (+-,3"
327,"  (+.,3"
328,"  (+/,7"
329,"  (+0,/"
330,"  (+1,&"
331,"  (+2,%"
332,  (+2-%
333,  (+2.%
334,"  (+5,."
335,"  (+6,6"
336,  (+7+=
337,  (+8+:
338,  (+9+9
339,"  (+<,4"
340," ! +',5"
341," ! +(,5"
342," !&,&-6"
343," !&,'-:"
344, !#0/-)
345," !(. ,4"
346, !(. -4
347, !(.!-5
348, !(.!.6
349," !(.""-3"
350," !(."".4"
351, !(.#-3
352, !(.#.4
353, !(.$-4
354, !(.$.5
355, !(.%-5
356, !(.%.6
357, !(.&-8
358, !(.&.9
359, !(.'-9
360, !(.'.:
361, !(.)-3
362, !(.).3
363, !(.*-2
364, !(.*.3
365," !(.,-2"
366," !(.,.3"
367, !(.--3
368, !(.-.4
369, !(..-3
370, !(...4
371, !(./-7
372, !(./.8
373, !(.0-/
374, !(.0.0
375, !(.1-&
376, !(.1.&
377, !(.2-%
378, !(.2.$
379, !(.5-.
380, !(.5./
381, !(.6-6
382, !(.6.7
383, !(.7-=
384, !(.7.>
385, !(.8*;
386, !(.8+<
387, !(.9.9
388, !(.9/:
389, !(.<-4
390, !(.<.5
391,"  /,(-3"
392,"  /,)-4"
393,  (02-%
394,  (02.$
395,"  (. ,4"
396,  (. -4
397,  (.!-5
398,  (.!.6
399,"  (.""-3"
400,"  (."".4"
401,  (.#-3
402,  (.#.4
403,  (.$-4
404,  (.$.5
405,  (.%-5
406,  (.%.6
407,  (.&-8
408,  (.&.9
409,  (.'-9
410,  (.'.:
411,  (.)-3
412,  (.).3
413,  (.*-2
414,  (.*.3
415,"  (.,-2"
416,"  (.,.3"
417,  (.--3
418,  (.-.4
419,  (..-3
420,  (...4
421,  (./-7
422,  (./.8
423,  (.0-/
424,  (.0.0
425,  (.1-&
426,  (.1.&
427,  (.2-%
428,  (.2.$
429,  (.5-.
430,  (.5./
431,  (.6-6
432,  (.6.7
433,  (.7-=
434,  (.7.>
435,"  (.8,:"
436,  (.8-;
437,"  (.9,9"
438,  (.9-:
439,  (.<-4
440,  (.<.5
441," !'*3%,"
442," !/+(,3"
443," !/+),3"
444," ""$2384: 2 .-"
445," ""$2384: 2!/+"
446," ""$2384: 2""/0"
447," ""$2384: 2#/0"
448," ""$2384: 2$/)"
449," ""$2384: 2%/+"
450," ""$2384: 2)/("
451," ""$2384: 2*/("
452," ""$2384: 2+/#"
453," ""$2384: 2-.$"
454," ""$2384: 2-/$"
455," ""$2384: 20/-"
456," ""$2384: 21/-"
457," ""$2384: 23/."
458," ""$2384: 24/-"
459," ""$2384: 25/-"
460," ""$2384: 26/."
461," ""$2384: 27/-"
462," ""$2384: 28/2"
463," ""$2384: 29/,"
464," ""$2384: 2:/-"
465, !2.*-4
466, !2.*.4
467, !2.+-4
468, !2.+.5
469," !2,*-4"
470," !2,+-5"
471,  +.(-2
472,  +.(.2
473,  +.)-2
474,  +.).3
475, !(-<4;-3
476, !(-<4;.4
477,  ))+$
478,  (+<4<-4
479," ""(+<<<%3I"
480, !!.&-3
481, !!.&.3
482, !!.'-3
483, !!.'.4
484,  (-<6;-3
485,  (-<6;.4
486,  $/4446361/-
487," !%,&-5"
488," !%,'-9"
489," !!+&,3"
490," !!+',3"
491," !#+&,4"
492," !#+',4"
493, !#+/-)
494, !#+/.)
495,  %.&-5
496,  %.&.5
497,  %.'-8
498,  %.'.9
499,"  .,(-3"
500,"  .,)-4"
501,   .'-5
502,   .'.5
503,   .(-5
504,   .(.6
505," !!,&-3"
506," !!,'-4"
507," !/,(-3"
508," !/,)-4"
509,"  #,&-4"
510,"  #,'-5"
511, !'1<3;4:473&
512," !!)2=2=0=2>#""2B"
513, !!)2=2=0=2>#$3F
514,"  "",&-3"
515,"  "",'-4"
516," !#133342403,"
517,  #.&-4
518,  #.&.4
519,  #.'-4
520,  #.'.5
521,  &.&-6
522,  &.&.6
523,  &.'-9
524,  &.'.:
525," !', -5"
526," !',!-4"
527," !',""-3"
528," !',#-3"
529," !',$-4"
530," !',%-5"
531," !',&-5"
532," !','-6"
533," !',)-2"
534," !',*-2"
535," !',,-2"
536," !',--3"
537," !',.-3"
538," !',/-8"
539," !',0-."
540," !',1-)"
541," !',2-"""
542," !',2."""
543," !',2/"""
544," !',5-."
545," !',6-8"
546," !',7,="
547," !',8*;"
548," !',9.9"
549," !',<-4"
550,  &+:4:5658.'
551,  &+:4:5658/'
552, !/-242405(-2
553, !/-242405(.2
554, !/-242405)-2
555, !/-242405).3
556,"  "".&-3"
557,"  "".&.3"
558,"  "".'-3"
559,"  "".'.4"
560,  (0<6;6:520%
561,  (0<6;6:521$
562,"  &,&-6"
563,"  &,'-:"
564,  ++342526*-4
565,  ++342526+-4
566," !+,(-2"
567," !+,)-3"
568, !&/:2:49480(
569,"  %,&-5"
570,"  %,'-9"
571,  &-:69687&-5
572,  &-:69687&.5
573,  &-:69687'-9
574,  &-:69687'.:
575,  $.&-5
576,  $.&.5
577,  $.'-5
578,  $.'.6
579,  &/7+'
580, !&*;>:=:?7%&
581, !&*;>:=:?8%&
582, !(02-%
583, !(02.$
584," !,**$"
585," !,*+$"
586, !%-948475&-4
587, !%-948475&.4
588, !%-948475'-8
589, !%-948475'.9
590,"   ,4535362-5"
591,"   ,4535364-0"
592," !(-<4;485 ,3"
593, !(-<4;485 -3
594, !(-<4;485!-4
595, !(-<4;485!.5
596," !(-<4;485""-2"
597," !(-<4;485"".3"
598, !(-<4;485#-2
599, !(-<4;485#.3
600, !(-<4;485$-3
601, !(-<4;485$.4
602, !(-<4;485%-4
603, !(-<4;485%.5
604, !(-<4;485&-8
605, !(-<4;485&.9
606, !(-<4;485'-9
607, !(-<4;485'.:
608, !(-<4;485)-1
609, !(-<4;485).1
610, !(-<4;485*-0
611, !(-<4;485*.1
612," !(-<4;485,-0"
613," !(-<4;485,.1"
614, !(-<4;485--2
615, !(-<4;485-.3
616, !(-<4;485.-6
617, !(-<4;485..7
618, !(-<4;485/-/
619, !(-<4;485/.0
620, !(-<4;4850-&
621, !(-<4;4850.&
622, !(-<4;4851-(
623, !(-<4;4851.'
624, !(-<4;4854-.
625, !(-<4;4854./
626, !(-<4;4855-5
627, !(-<4;4855.6
628, !(-<4;4856-<
629, !(-<4;4856.=
630, !(-<4;4857*:
631, !(-<4;4857+;
632, !(-<4;4858.8
633, !(-<4;4858/9
634, !(-<4;4859-2
635, !(-<4;4859.3
636," ""!-24270:)/4"
637," ""!-24270:*/4"
638, ! .443524'-3
639, ! .443524'.3
640, ! .443524(-3
641, ! .443524(.4
642, !'*<=:<9?3%+
643,  %-968677&-4
644,  %-968677&.4
645,  %-968677'-8
646,  %-968677'.9
647,  $+4445251.-
648,  $+4445251/-
649, !$/0+*
650," """"-24270:*/5"
651," """"-24270:+/5"
652,  '/2+$
653,"  '/2,"""
654,  '/6+&
655,  (/<4;6:63/%
656,  (/<4;6:630$
657, !..)-3
658, !..).3
659, !..*-3
660, !..*.4
661, !'. -5
662, !'. .5
663, !'.!-3
664, !'.!.4
665," !'.""-3"
666," !'."".3"
667, !'.#-3
668, !'.#.3
669, !'.$-4
670, !'.$.4
671, !'.%-5
672, !'.%.5
673, !'.&-5
674, !'.&.5
675, !'.'-6
676, !'.'.6
677, !'.)-3
678, !'.).2
679, !'.*-2
680, !'.*.2
681," !'.,-2"
682," !'.,.2"
683, !'.--3
684, !'.-.3
685, !'..-3
686, !'...3
687, !'./-8
688, !'./.8
689, !'.0-.
690, !'.0..
691, !'.1-*
692, !'.1.)
693, !'.2-$
694," !'.2."""
695, !'.5-.
696, !'.5..
697, !'.6-:
698, !'.6.8
699, !'.7-=
700, !'.7.=
701, !'.8*;
702, !'.8+;
703, !'.9.9
704, !'.9/9
705, !'.<-4
706, !'.<.4
707,  1.462717/-2
708,  1.462717/.2
709,  1.4627171--
710,  1.4627171.-
711," !.,(-3"
712," !.,)-4"
713," !$,433334/.-"
714," !$,433334//-"
715," !$,4333342-1"
716," !$,4333344-,"
717,"  #133342403,"
718," ""$-44472:'/3"
719," ""$-44472:(/3"
720," ""$-44472:/0*"
721," ""$-44472:/1*"
722,"  0,6555565-:"
723,"  0,6555567-4"
724,"  +,(-2"
725,"  +,)-3"
726," !'+ ,5"
727," !'+!,3"
728," !'+"",3"
729," !'+#,3"
730," !'+$,4"
731," !'+%,5"
732," !'+&,5"
733," !'+',6"
734," !'+),3"
735," !'+*,2"
736," !'+,,2"
737," !'+-,3"
738," !'+.,3"
739," !'+/,8"
740," !'+0,."
741," !'+1,*"
742," !'+2,$"
743, !'+2-$
744, !'+2.$
745," !'+5,."
746," !'+6,:"
747, !'+6-&
748, !'+6.&
749, !'+7+=
750, !'+8);
751, !'+9-9
752," !'+<,4"
753," """"-24270:3804 2*.&"
754," """"-24270:3804 2*/&"
755," """"-24270:3804 2./%"
756," """"-24270:3804 2.0%"
757,"  $/444636450935 0,"
758,  2-261617'-2
759,  2-261617'.2
760,  2-261617(-2
761,  2-261617(.3
762,"  -+(,2"
763,"  -+),2"
764,"  .+(,3"
765,"  .+),3"
766," !2,230324/-4"
767," !2,2303241-/"
768," ""'-<4;/3"
769,"  ,32:1824 2>/1"
770,  )*+$
771," """"-24270:3804 2=2=0/"
772," """"-24270:3804 2=2=1/"
773," !,'38292:2<2$(E"
774," !,'38292:2<2$(F"
775," !,'38292:2<2$)E"
776," !,'38292:2<2$)F"
777,  ('<;<=9@<B##%&
778,  ('<;<=9@<B##&&
779,  ('<;<=9@<B#$ %
780,  ('<;<=9@<B#))$
781,  ('<;<=9@<B#;%*
782,  ('<;<=9@<B#;&*
783,  ('<;<=9@<B#=%*
784,  ('<;<=9@<B#=&*
785,"  ('<;<=9@<B#? ,"
786,"  ('<;<=9@<B#?!,"
787,"  ('<;<=9@<B#?"","
788,"  ('<;<=9@<B#?#,"
789,"  ('<;<=9@<B#?$,"
790,"  ('<;<=9@<B#?%,"
791,"  ('<;<=9@<B#?&,"
792,"  ('<;<=9@<B#?(,"
793,  ('<;<=9@<B#?(G
794,"  ('<;<=9@<B#?+,"
795,"  ('<;<=9@<B#?,+"
796,"  ('<;<=9@<B#?-,"
797,"  ('<;<=9@<B#?9,"
798,"  ('<;<=9@<B#@),"
799," ""(,;;;%2H"
800," !,(391:3<1D4?3A/2<"
801," !,(391:3<1D4?3A/3<"
802,"   *4?3@3A#?6""3@"
803,   *4?3@3A#?6$4G
804, !$.443524&-3
805, !$.443524&.3
806, !$.443524'-3
807, !$.443524'.4
808, !'+<2;-3
809," ""'-<4;79: /5"
810," ""'-<4;79:!/3"
811," ""'-<4;79:""/8"
812," ""'-<4;79:$/2"
813," ""'-<4;79:%/2"
814," ""'-<4;79:&/3"
815," ""'-<4;79:'/2"
816," ""'-<4;79:(/5"
817," ""'-<4;79:)/6"
818," ""'-<4;79:+/3"
819," ""'-<4;79:,/2"
820," ""'-<4;79:./3"
821," ""'-<4;79://8"
822," ""'-<4;79:0/0"
823," ""'-<4;79:1/*"
824," ""'-<4;79:2/$"
825," ""'-<4;79:20$"
826," ""'-<4;79:21$"
827," ""'-<4;79:5/0"
828," ""'-<4;79:6/:"
829," ""'-<4;79:60&"
830," ""'-<4;79:61&"
831," ""'-<4;79:7.<"
832," ""'-<4;79:8,;"
833," ""'-<4;79:9.9"
834," ""'-<4;79::/2"
835,"  ""31:3804 2?/."
836," ""$'44482:1925 3-/%"
837," ""$'44482:1925 3-0%"
838,  -30:0824 2@/5
839, !&*;>:=:?<D;?4B7%&
840, !&*;>:=:?<D;?4B8%&
841,  /-262607(-2
842,  /-262607(.2
843,  /-262607)-2
844,  /-262607).3
845,  +5341814 2=/0
846,"  ##3634/824 273,/%"
847,"  ##3634/824 273,0%"
848, !(/2+%
849," !(/2,$"
850,  ()<@:$1H
851," ""$-44472:1824 2,/%"
852," ""$-44472:1824 2,0%"
853," ""(-<4</4"
854, !#.&-4
855, !#.&.4
856, !#.'-4
857, !#.'.5
858, !&+:2:3638.'
859, !&+:2:3638/'
860,  &07-'
861,  ++34252637!4:3)/5
862,  ++34252637!4:3*/6
863," !#+3233130.,"
864," !#+3233130/,"
865, !(-<4;48594:-1
866, !(-<4;48594:.2
867, !(-<4;48594:826
868,"  (,=6:-2"
869," ! )4=4=2=4>#""4B"
870, ! )4=4=2=4>#$5F
871,  0-666647+-7
872,  0-666647+.7
873,"  0-666647,-6"
874,"  0-666647,.7"
875,  2-261617060+)$
876,  2-261617060+*$
877,"  2-261617060,)$"
878,"  2-261617060,*$"
879,  $143443413-
880,  0.+-8
881,  0.+.8
882,"  0.,-7"
883,"  0.,.8"
884, !'+<2;3:4 -7
885, !'+<2;3:4!-:
886, !'+<2;3:4#-4
887, !'+<2;3:4$-5
888, !'+<2;3:4%-5
889, !'+<2;3:4&-6
890, !'+<2;3:4'-7
891, !'+<2;3:4(-7
892, !'+<2;3:4)-8
893, !'+<2;3:4*-:
894," !'+<2;3:4,-4"
895, !'+<2;3:4--3
896, !'+<2;3:4.-4
897, !'+<2;3:40-5
898, !'+<2;3:41-:
899, !'+<2;3:42-2
900," !'+<2;3:43,+"
901, !'+<2;3:44-$
902, !'+<2;3:44.$
903, !'+<2;3:44/$
904, !'+<2;3:47-1
905, !'+<2;3:48-<
906, !'+<2;3:48.&
907, !'+<2;3:48/&
908," !'+<2;3:49,?"
909, !'+<2;3:4:*=
910, !'+<2;3:4;.;
911, !'+<2;3:4<-4
912," ""$+4<4A2B1A2= ;)&%"
913," ""$+4<4A2B1A2= ;+&$"
914," ""$+4<4A2B1A2= ;,&."
915,  %.868776&-3
916,  %.868776&.3
917,  %.868776'-7
918,  %.868776'.8
919,"  "".261706&-1"
920,"  "".261706&.1"
921,"  "".261706'-1"
922,"  "".261706'.2"
923,  *+241403)/2
924,  *+241403*/3
925,  133:2834 2>/2
926, !).143636/-6
927, !).143636/.6
928, !).1436362-1
929, !).1436362.1
930," !(.<49594 ,2"
931, !(.<49594 -2
932, !(.<49594!-3
933, !(.<49594!.4
934," !(.<49594""-1"
935," !(.<49594"".2"
936, !(.<49594#-1
937, !(.<49594#.2
938, !(.<49594$-2
939, !(.<49594$.3
940, !(.<49594%-3
941, !(.<49594%.4
942, !(.<49594&-7
943, !(.<49594&.8
944, !(.<49594'-8
945, !(.<49594'.9
946, !(.<49594)-0
947, !(.<49594).0
948, !(.<49594*-0
949, !(.<49594*.1
950, !(.<49594+-0
951, !(.<49594+.1
952," !(.<49594,-1"
953," !(.<49594,.2"
954, !(.<49594--5
955, !(.<49594-.6
956, !(.<49594.-/
957, !(.<49594..0
958, !(.<49594/-&
959, !(.<49594/.&
960, !(.<495940-(
961, !(.<495940.'
962, !(.<495943-.
963, !(.<495943./
964, !(.<495944-4
965, !(.<495944.5
966, !(.<495945-;
967, !(.<495945.<
968, !(.<495946*9
969, !(.<495946+:
970, !(.<495947.7
971, !(.<495947/8
972, !(.<495948-4
973, !(.<495948.5
974, !(.<495949-1
975, !(.<495949.2
976, !$143443413-
977,  #0363625.0)
978, !0.645544+-6
979, !0.645544+.6
980," !0.645544,-5"
981," !0.645544,.6"
982,  $00-*
983," ""$-44472:1824 28280-"
984," ""$-44472:1824 28281-"
985,  (+<4<695 -7
986,  (+<4<695!-:
987,  (+<4<695#-4
988,  (+<4<695$-5
989,  (+<4<695%-5
990,  (+<4<695&-6
991,  (+<4<695'-7
992,  (+<4<695(-7
993,  (+<4<695)-8
994,  (+<4<695*-:
995,"  (+<4<695,-4"
996,  (+<4<695--3
997,  (+<4<695.-4
998,  (+<4<6950-5
999,  (+<4<6951-:
1000,  (+<4<6952-2
1001,"  (+<4<6953,*"
1002,  (+<4<6954-$
1003,  (+<4<6954.$
1004,  (+<4<6954/$
1005,  (+<4<6957-1
1006,  (+<4<6958-<
1007,  (+<4<6958.&
1008,  (+<4<6958/&
1009,"  (+<4<6959,?"
1010,"  (+<4<695:,<"
1011,"  (+<4<695;,;"
1012,  (+<4<695<-4
1013," ""$'44482:1925 39380,"
1014,  + 34241814 2=3 01
1015,  + 34241814 2=3!01
1016,"  + 34241814 2=3""11"
1017,  + 34241814 2=3#06
1018,  + 34241814 2=3$05
1019,  + 34241814 2=3%0/
1020,  + 34241814 2=3&0/
1021,  + 34241814 2=3'01
1022,  + 34241814 2=3-/&
1023,  + 34241814 2=3/0*
1024,  + 34241814 2=300'
1025,  + 34241814 2=310#
1026,  + 34241814 2=33.%
1027,  + 34241814 2=33/%
1028,  + 34241814 2=3603
1029,  + 34241814 2=3703
1030,  + 34241814 2=3904
1031,  + 34241814 2=3:03
1032,  + 34241814 2=3;04
1033,  + 34241814 2=3<02
1034,  + 34241814 2=3=02
1035,  + 34241814 2=3>01
1036, !!-242405&-2
1037, !!-242405&.2
1038, !!-242405'-2
1039, !!-242405'.3
1040,  )-163628482=690-0
1041,  )-163628482=690.0
1042, !+.341413(/0
1043, !+.341413(00
1044, !+.341413)/0
1045, !+.341413)01
1046,  /#26240824 2=31/%
1047,  /#26240824 2=310%
1048,"  *,'-2"
1049,"  *,(-3"
1050," !.+(,3"
1051," !.+),3"
1052," ""(-<4<78: .4"
1053," ""(-<4<78:!/5"
1054," ""(-<4<78:""/8"
1055," ""(-<4<78:$/2"
1056," ""(-<4<78:%/2"
1057," ""(-<4<78:&/3"
1058," ""(-<4<78:'/2"
1059," ""(-<4<78:(/8"
1060," ""(-<4<78:)/9"
1061," ""(-<4<78:+/3"
1062," ""(-<4<78:,/2"
1063," ""(-<4<78:./3"
1064," ""(-<4<78://7"
1065," ""(-<4<78:0/1"
1066," ""(-<4<78:1/&"
1067," ""(-<4<78:2/%"
1068," ""(-<4<78:20%"
1069," ""(-<4<78:21%"
1070," ""(-<4<78:5/0"
1071," ""(-<4<78:6/6"
1072," ""(-<4<78:7.<"
1073," ""(-<4<78:8,;"
1074," ""(-<4<78:9.9"
1075," ""(-<4<78::/2"
1076, !-.1416054-8
1077, !-.1416054.8
1078, !-.1416056-2
1079, !-.1416056.2
1080,  *-263716482=690-0
1081,  *-263716482=690.0
1082,  /%26260925 3=32.%
1083,  /%26260925 3=32/%
1084," ""(+<<<A8B:A9%2D"
1085," !""'292:0;2=0$'E"
1086," !""'292:0;2=0$'F"
1087," !""'292:0;2=0$(E"
1088," !""'292:0;2=0$(F"
1089,  '. -5
1090,  '. .5
1091,  '.!-3
1092,  '.!.4
1093,"  '.""-3"
1094,"  '."".3"
1095,  '.#-3
1096,  '.#.3
1097,  '.$-4
1098,  '.$.4
1099,  '.%-5
1100,  '.%.5
1101,  '.&-5
1102,  '.&.5
1103,  '.'-6
1104,  '.'.6
1105,  '.)-3
1106,  '.).2
1107,  '.*-2
1108,  '.*.2
1109,"  '.,-2"
1110,"  '.,.2"
1111,  '.--3
1112,  '.-.3
1113,  '..-3
1114,  '...3
1115,  './-8
1116,  './.8
1117,  '.0-.
1118,  '.0..
1119,  '.1-)
1120,  '.1.(
1121,  '.2-$
1122,"  '.2."""
1123,  '.5-.
1124,  '.5..
1125,  '.6-:
1126,  '.6.8
1127,  '.7-=
1128,  '.7.=
1129,"  '.8,:"
1130,  '.8-:
1131,"  '.9,9"
1132,  '.9-9
1133,  '.<-4
1134,  '.<.4
1135, !(-<4;48594:?53 .2
1136, !(-<4;48594:?53 /2
1137, !(-<4;48594:?53!/2
1138, !(-<4;48594:?53!03
1139," !(-<4;48594:?53""/6"
1140," !(-<4;48594:?53""07"
1141, !(-<4;48594:?53#/1
1142, !(-<4;48594:?53#02
1143, !(-<4;48594:?53$/3
1144, !(-<4;48594:?53$04
1145, !(-<4;48594:?53%/3
1146, !(-<4;48594:?53%04
1147, !(-<4;48594:?53&/7
1148, !(-<4;48594:?53&08
1149, !(-<4;48594:?53'/8
1150, !(-<4;48594:?53'09
1151, !(-<4;48594:?53)/0
1152, !(-<4;48594:?53)00
1153, !(-<4;48594:?53*/0
1154, !(-<4;48594:?53*01
1155, !(-<4;48594:?53+/0
1156, !(-<4;48594:?53+01
1157," !(-<4;48594:?53,/1"
1158," !(-<4;48594:?53,02"
1159, !(-<4;48594:?53-/5
1160, !(-<4;48594:?53-06
1161, !(-<4;48594:?53.//
1162, !(-<4;48594:?53.00
1163, !(-<4;48594:?53//'
1164, !(-<4;48594:?53/0'
1165, !(-<4;48594:?530/(
1166, !(-<4;48594:?5300'
1167, !(-<4;48594:?533/1
1168, !(-<4;48594:?53302
1169, !(-<4;48594:?534/1
1170, !(-<4;48594:?53402
1171," !,/323538/55/)$"
1172," !,/323538/55/*$"
1173," !,/323538/550)$"
1174," !,/323538/550*$"
1175," !2,2303242:76581-1"
1176," !2,2303242:76582.&"
1177," !2,2303242:76582/&"
1178, !/-242405041+*$
1179, !/-242405041++$
1180," !/-242405041,*$"
1181," !/-242405041,+$"
1182,"   )4@4?2@4A#""'F"
1183,"   )4@4?2@4A#""4F"
1184,   )4@4?2@4A#$(J
1185,   )4@4?2@4A#$5J
1186,  $.463726&-3
1187,  $.463726&.3
1188,  $.463726'-3
1189,  $.463726'.4
1190," !+)3=2=1=2>#""1B"
1191, !+)3=2=1=2>#$3E
1192, !&.&-6
1193, !&.&.6
1194, !&.'-9
1195, !&.'.:
1196," !#1333424351615,3)"
1197,  (*;>:$1F
1198,  1.4627172=694;/--
1199,  1.4627172=694;/.-
1200,  $#46440834 293-/%
1201,  $#46440834 293-0%
1202,  #33:0814 28/+
1203,"  /)2@2?0@2A#""(F"
1204,"  /)2@2?0@2A#""2F"
1205,  /)2@2?0@2A#$)J
1206,  /)2@2?0@2A#$3J
1207, ! &4536373=17 5//%
1208, ! &4536373=17 5/0%
1209,  +5341814 2=3>4 2/
1210,  +5341814 2=3>4!34
1211,"  +5341814 2=3>4""33"
1212,  +5341814 2=3>4#3-
1213,  +5341814 2=3>4$2-
1214,  +5341814 2=3>4%2/
1215,  +5341814 2=3>4+1&
1216,  +5341814 2=3>4-2*
1217,  +5341814 2=3>4.2'
1218,  +5341814 2=3>4/2#
1219,  +5341814 2=3>41.%
1220,  +5341814 2=3>41/%
1221,  +5341814 2=3>4421
1222,  +5341814 2=3>4521
1223,  +5341814 2=3>4722
1224,  +5341814 2=3>4821
1225,  +5341814 2=3>4922
1226,  +5341814 2=3>4:21
1227,  +5341814 2=3>4;22
1228,  +5341814 2=3>4<20
1229,  +5341814 2=3>4=20
1230,  +5341814 2=3>4>2/
1231,  !-262607&-2
1232,  !-262607&.2
1233,  !-262607'-2
1234,  !-262607'.3
1235,  #.362716&-2
1236,  #.362716&.2
1237,  #.362716'-2
1238,  #.362716'.3
1239,"  , 34242814 2?4 2/"
1240,"  , 34242814 2?4!34"
1241,"  , 34242814 2?4""33"
1242,"  , 34242814 2?4#3-"
1243,"  , 34242814 2?4$2-"
1244,"  , 34242814 2?4%2/"
1245,"  , 34242814 2?4+1&"
1246,"  , 34242814 2?4-2*"
1247,"  , 34242814 2?4.2'"
1248,"  , 34242814 2?4/2#"
1249,"  , 34242814 2?41.%"
1250,"  , 34242814 2?41/%"
1251,"  , 34242814 2?4421"
1252,"  , 34242814 2?4521"
1253,"  , 34242814 2?4723"
1254,"  , 34242814 2?4821"
1255,"  , 34242814 2?4922"
1256,"  , 34242814 2?4:20"
1257,"  , 34242814 2?4;20"
1258,"  , 34242814 2?4<2/"
1259,  /%26260925 3=3>4?324
1260,  /%26260925 3=3>4?332
1261,  /%26260925 3=3>4?333
1262,  /%26260925 3=3>4?341
1263,  /%26260925 3=3>4?342
1264,  /%26260925 3=3>4?352
1265,  /%26260925 3=3>4?353
1266," ""#!33372:0814 2.-%"
1267," ""#!33372:0814 2..%"
1268, !-.14160563;/2
1269, !-.14160563;02
1270," ""$143443413-"
1271,  ##3634/824 2737360+
1272,  /.261706(-1
1273,  /.261706(.1
1274,  /.261706)-1
1275,  /.261706).2
1276," ""&-:4:79:'/9"
1277," ""&-:4:79:(/<"
1278," ""&-:4:79:60*"
1279," ""&-:4:79:61*"
1280,"  0!65694:5:36 43,%"
1281,  0!65694:5:36 43-%
1282,  '0<6;6:520$
1283,"  '0<6;6:521"""
1284,  '0<6;6:560&
1285,"  $+444525464<38/-,"
1286,  $+444525464<380.$
1287,  $+444525464<380/$
1288,  '-<6;-3
1289,  '-<6;.3
1290, !2'291:1;1=1$'E
1291, !2'291:1;1=1$'F
1292, !2'291:1;1=1$(E
1293, !2'291:1;1=1$(F
1294,"  ,,461654'./"
1295,"  ,,461654(./"
1296, !#'393:2<5@1>-+
1297, !).1436363;57690-0
1298, !).1436363;57690.0
1299, !&-:49485&-5
1300, !&-:49485&.5
1301, !&-:49485'-9
1302, !&-:49485'.:
1303," !2+*,4"
1304," !2++,4"
1305, !++322324*-4
1306, !++322324+-4
1307,"  ,+343636'-/"
1308,"  ,+343636(-/"
1309,  '*<?:?9=2%+
1310," """",2;1;1<#:4#&<"
1311," """",2;1;1<#:4#1<"
1312," """",2;1;1<#:4%'H"
1313," """",2;1;1<#:4%2H"
1314,  + 34241814 2=3>4?20
1315, !!.241504&-1
1316, !!.241504&.1
1317, !!.241504'-1
1318, !!.241504'.2
1319,"  ,+343636/45+)$"
1320,"  ,+343636/45+*$"
1321,"  ,+343636/45,)$"
1322,"  ,+343636/45,*$"
1323,  /31:1814 2>/0
1324," !0,6353545-:"
1325," !0,6353547-4"
1326,"  $#46440834 2939380,"
1327," ! ,4333342-5"
1328," ! ,4333344-0"
1329,  0.665746+-6
1330,  0.665746+.6
1331,"  0.665746,-5"
1332,"  0.665746,.6"
1333," !""!23270:3804 20-%"
1334," !""!23270:3804 20.%"
1335, !#$3344446:14 2+.%
1336, !#$3344446:14 2+/%
1337," "" 043332326:#1*"
1338," !',<3;-3"
1339, !%094948996476920$
1340," !%094948996476921"""
1341,"  ""31:3804 2?3>3 1/"
1342,"  ""31:3804 2?3>3!2."
1343,"  ""31:3804 2?3>3""22"
1344,"  ""31:3804 2?3>3#22"
1345,"  ""31:3804 2?3>3$2,"
1346,"  ""31:3804 2?3>3*1&"
1347,"  ""31:3804 2?3>3,2+"
1348,"  ""31:3804 2?3>3-2("
1349,"  ""31:3804 2?3>3.2#"
1350,"  ""31:3804 2?3>300%"
1351,"  ""31:3804 2?3>301%"
1352,"  ""31:3804 2?3>3520"
1353,"  ""31:3804 2?3>3620"
1354,"  ""31:3804 2?3>3821"
1355,"  ""31:3804 2?3>3921"
1356,"  ""31:3804 2?3>3:21"
1357,"  ""31:3804 2?3>3;2/"
1358,"  ""31:3804 2?3>3<21"
1359,"  ""31:3804 2?3>3=25"
1360,"  ""31:3804 2?3>3>2/"
1361,"  ""31:3804 2?3>3?2."
1362,  /%26260925 3=3>4?3D64.%
1363,  /%26260925 3=3>4?3D64/%
1364, !0'696:4<2?0B +
1365, !0'696:4<2?0B!+
1366," !0'696:4<2?0B""+"
1367," !'02."""
1368," ""#-34372:'/2"
1369," ""#-34372:(/2"
1370," ""#-34372:.0)"
1371," ""#-34372:.1)"
1372, !%.848574&-3
1373, !%.848574&.3
1374, !%.848574'-7
1375, !%.848574'.8
1376, !$'495;2>5@1>-+
1377,"  +5341814 2=3>4>8""20"
1378,"  +5341814 2=3>4>8""6 B"
1379,"  +5341814 2=3>4>8""6!C"
1380,"  +5341814 2=3>4>8""6""A"
1381,"  +5341814 2=3>4>8""6$?"
1382,"  +5341814 2=3>4>8""6%B"
1383,"  +5341814 2=3>4>8""6&B"
1384,"  +5341814 2=3>4>8""65?"
1385,"  +5341814 2=3>4>8""66B"
1386,"  +5341814 2=3>4>8""67B"
1387,"  +5341814 2=3>4>8""7 <"
1388,"  +5341814 2=3>4>8""7!="
1389,"  +5341814 2=3>4>8""7"";"
1390,"  +5341814 2=3>4>8""7$="
1391,"  +5341814 2=3>4>8""7%<"
1392,"  +5341814 2=3>4>8""7&<"
1393,"  +5341814 2=3>4>8""77<"
1394,  #-363617&-3
1395,  #-363617&.3
1396,  #-363617'-3
1397,  #-363617'.4
1398,  +32:1814 2=/0
1399," !#,&-4"
1400," !#,'-5"
1401,"  , 34242814 2?4<7@1-"
1402," ""#133342403,"
1403,  +32:1814 2=3>4 2/
1404,  +32:1814 2=3>4!34
1405,"  +32:1814 2=3>4""33"
1406,  +32:1814 2=3>4#3-
1407,  +32:1814 2=3>4$2-
1408,  +32:1814 2=3>4%2/
1409,  +32:1814 2=3>4+1&
1410,  +32:1814 2=3>4-2*
1411,  +32:1814 2=3>4.2'
1412,  +32:1814 2=3>4/2#
1413,  +32:1814 2=3>41.%
1414,  +32:1814 2=3>41/%
1415,  +32:1814 2=3>4421
1416,  +32:1814 2=3>4521
1417,  +32:1814 2=3>4722
1418,  +32:1814 2=3>4821
1419,  +32:1814 2=3>4922
1420,  +32:1814 2=3>4:21
1421,  +32:1814 2=3>4;22
1422,  +32:1814 2=3>4<20
1423,  +32:1814 2=3>4=20
1424,  +32:1814 2=3>4>2/
1425,   '4;4<2<4?2$(G
1426,   '4;4<2<4?2$(H
1427,   '4;4<2<4?2$)G
1428,   '4;4<2<4?2$)H
1429, !-.14160563;8<5 /1
1430, !-.14160563;8<5 01
1431, !-.14160563;8<5!/0
1432, !-.14160563;8<5!00
1433," !-.14160563;8<5"".1"
1434," !-.14160563;8<5""/1"
1435, !-.14160563;8<5#.6
1436, !-.14160563;8<5#/6
1437, !-.14160563;8<5$/4
1438, !-.14160563;8<5$04
1439, !-.14160563;8<5%/.
1440, !-.14160563;8<5%0.
1441, !-.14160563;8<5&/1
1442, !-.14160563;8<5&01
1443, !-.14160563;8<5'/2
1444, !-.14160563;8<5'02
1445, !-.14160563;8<5(/1
1446, !-.14160563;8<5(01
1447, !-.14160563;8<5)/1
1448, !-.14160563;8<5)01
1449, !-.14160563;8<5*/-
1450, !-.14160563;8<5*0-
1451, !-.14160563;8<5+/1
1452, !-.14160563;8<5+01
1453," !-.14160563;8<5,/?"
1454," !-.14160563;8<5,0="
1455, !-.14160563;8<5-/C
1456, !-.14160563;8<5-0C
1457," !-.14160563;8<5.,?"
1458, !-.14160563;8<5.-?
1459, !-.14160563;8<5/.>
1460, !-.14160563;8<5//>
1461, !-.14160563;8<50/-
1462, !-.14160563;8<500-
1463, !-.14160563;8<51/#
1464, !-.14160563;8<510!
1465, !-.14160563;8<53/8
1466, !-.14160563;8<5308
1467, !-.14160563;8<55/3
1468, !-.14160563;8<5502
1469, !-.14160563;8<56/3
1470, !-.14160563;8<5603
1471, !-.14160563;8<58/2
1472, !-.14160563;8<5802
1473, !-.14160563;8<59/2
1474, !-.14160563;8<5902
1475, !-.14160563;8<5:/1
1476, !-.14160563;8<5:01
1477, !-.14160563;8<5;/2
1478, !-.14160563;8<5;02
1479, !-.14160563;8<5</3
1480, !-.14160563;8<5<03
1481, !-.14160563;8<5=/2
1482, !-.14160563;8<5=02
1483,"  ,32:1824 2>4>7 1,"
1484,"  ,32:1824 2>4>7!1*"
1485,"  ,32:1824 2>4>7""1,"
1486,"  ,32:1824 2>4>7(0&"
1487,"  ,32:1824 2>4>7*1*"
1488,"  ,32:1824 2>4>7+1'"
1489,"  ,32:1824 2>4>7,1#"
1490,"  ,32:1824 2>4>7..&"
1491,"  ,32:1824 2>4>7./&"
1492,"  ,32:1824 2>4>711."
1493,"  ,32:1824 2>4>721."
1494,"  ,32:1824 2>4>741."
1495,"  ,32:1824 2>4>751."
1496,"  ,32:1824 2>4>761/"
1497,"  ,32:1824 2>4>771-"
1498,"  ,32:1824 2>4>781-"
1499,"  ,32:1824 2>4>7923"
1500,"  ,32:1824 2>4>7:1-"
1501, !'1<3;4:4;58695/3$
1502," !'1<3;4:4;58695/4"""
1503, !'1<3;4:4;5869533&
1504,"  /,2515160-6"
1505,"  /,2515162-1"
1506,"  ""-262607&-2"
1507,"  ""-262607&.2"
1508,"  ""-262607'-2"
1509,"  ""-262607'.3"
1510,   &5746376=07 5.-%
1511,   &5746376=07 5..%
1512, !/+222303242:760-1
1513, !/+222303242:761.&
1514, !/+222303242:761/&
1515,  ((==:@;B#B#$ %
1516,  $0464635/0*
1517, !0'696:4<2?0B#+
1518, !0'696:4<2?0B$+
1519, !0'696:4<2?0B%+
1520, !0'696:4<2?0B(+
1521, !0'696:4<2?0B)+
1522," !0'696:4<2?0B,+"
1523, !0'696:4<2?0B-*
1524, !0'696:4<2?0B.+
1525, !0'696:4<2?0B/+
1526, !0'696:4<2?0B2+
1527,  '+<4;-3
1528, !'02-$
1529, !'06-&
1530, !.(3:7;5=:=D@-?
1531,"  !,&-3"
1532,"  !,'-4"
1533,32(.*/7
1534,32(.+/7
1535,32(.2 .
1536,32(.2!.
1537,32(.2#.
1538,32(.2$.
1539,32(.2%.
1540,32(.2&.
1541,32(.2'/
1542,32(.2(.
1543,32(.2)-
1544,32(.2..
1545,32(.2/.
1546,32(.21.
1547,31&++17
1548,31&++27
1549,"31&+,17"
1550,"31&+,28"
1551,"31/',04"
1552,"31/',14"
1553,31/'-04
1554,31/'-15
1555,31.0-'5
1556,31.0-(5
1557,31.0-)5
1558,31.0-*5
1559,31.0-+5
1560,31.0-05
1561,31.0-24
1562,31.0-45
1563,31.0. 5
1564,31.0.!5
1565,31.0.&5
1566,31.0.'5
1567,31.0.(5
1568,31.0.)5
1569,31.0.*5
1570,31.0.+5
1571,31.0.05
1572,31.0.25
1573,31.0.44
1574,31!*.0:
1575,31!*.1:
1576,31!*/09
1577,31!*/1:
1578,31&!*-6
1579,31&!*.6
1580,31&!+-6
1581,31&!+.7
1582,"311(,05"
1583,"311(,15"
1584,311(-05
1585,311(-16
1586,"311*,05"
1587,"311*,15"
1588,311*-05
1589,311*-16
1590,"32,240%"
1591,"32,241$"
1592,31&'+07
1593,31&'+17
1594,"31&',07"
1595,"31&',18"
1596,31%+*16
1597,31%+*26
1598,31%++16
1599,31%++27
1600,31$')05
1601,31$')15
1602,31$'*05
1603,31$'*16
1604,31!(.0:
1605,31!(.1:
1606,31!(/09
1607,31!(/1:
1608,31)0* 7
1609,31)0*!7
1610,31)0*&7
1611,31)0*'7
1612,31)0*(7
1613,31)0*)7
1614,31)0**7
1615,31)0*+7
1616,31)0*07
1617,31)0*27
1618,31)0+ :
1619,31)0+!:
1620,31)0+&:
1621,31)0+':
1622,31)0+(:
1623,31)0+):
1624,31)0+*:
1625,31)0++:
1626,31)0+0:
1627,31)0+2;
1628,"33,441%"
1629,"33,442$"
1630,32()1/-
1631,"31""'(04"
1632,"31""'(14"
1633,"31""')04"
1634,"31""')15"
1635,"33,04*%"
1636,"33,04+%"
1637,"33,040%"
1638,"33,042$"
1639,"33,043%"
1640,"33,05! "
1641,31(322.
1642,33*+:1'
1643, !#'393:2<5@1E1? =>$6?
1644, !#'393:2<5@1E1? =>$7?
1645,  /31:1814 2>3=3 21
1646,  /31:1814 2>3=3!24
1647,"  /31:1814 2>3=3""24"
1648,  /31:1814 2>3=3#2.
1649,  /31:1814 2>3=3$20
1650,  /31:1814 2>3=3%2/
1651,  /31:1814 2>3=3&21
1652,"  /31:1814 2>3=3,1&"
1653,  /31:1814 2>3=3.2*
1654,  /31:1814 2>3=3/2'
1655,  /31:1814 2>3=302#
1656,  /31:1814 2>3=320%
1657,  /31:1814 2>3=321%
1658,  /31:1814 2>3=3522
1659,  /31:1814 2>3=3622
1660,  /31:1814 2>3=3823
1661,  /31:1814 2>3=3923
1662,  /31:1814 2>3=3:23
1663,  /31:1814 2>3=3;21
1664,  /31:1814 2>3=3<22
1665,  /31:1814 2>3=3=21
1666,  /31:1814 2>3=3>20
1667,   #46342824 2;2 /1
1668,   #46342824 2;2!/1
1669,"   #46342824 2;2""/+"
1670,"   #46342824 2;2#/,"
1671,   #46342824 2;2$/.
1672,   #46342824 2;2).&
1673,   #46342824 2;2+/)
1674,"   #46342824 2;2,/'"
1675,   #46342824 2;2-/#
1676,   #46342824 2;2/.$
1677,   #46342824 2;2//$
1678,   #46342824 2;22//
1679,   #46342824 2;23//
1680,   #46342824 2;25/0
1681,   #46342824 2;26//
1682,   #46342824 2;27//
1683,   #46342824 2;28/0
1684,   #46342824 2;29/1
1685,   #46342824 2;2://
1686,   #46342824 2;2;/.
1687,   #46342824 2;2</-
1688,   *4?3@3A#?6=$A7%'
1689,   *4?3@3A#?6=$A8%&
1690,"  ,32:1824 2>4>7:4>3-"
1691,  15442834 2>/2
1692, ! -444425'-4
1693, ! -444425'.4
1694, ! -444425(-4
1695, ! -444425(.5
1696," !""+&,3"
1697," !""+',3"
1698,"  2+*,4"
1699,"  2++,4"
1700,  /$2617050905 3 03
1701,  /$2617050905 3!03
1702,"  /$2617050905 3""0-"
1703,  /$2617050905 3#0/
1704,  /$2617050905 3$0/
1705,  /$2617050905 3%00
1706,  /$2617050905 3+/&
1707,  /$2617050905 3-0)
1708,  /$2617050905 3.0'
1709,  /$2617050905 3/0#
1710,  /$2617050905 31/$
1711,  /$2617050905 310$
1712,  /$2617050905 3401
1713,  /$2617050905 3501
1714,  /$2617050905 3702
1715,  /$2617050905 3801
1716,  /$2617050905 3901
1717,  /$2617050905 3:02
1718,  /$2617050905 3;01
1719,  /$2617050905 3<00
1720,  /$2617050905 3=0/
1721,  $$4637250915 3 /-
1722,  $$4637250915 3!0/
1723,"  $$4637250915 3""0/"
1724,  $$4637250915 3#0)
1725,  $$4637250915 3$0*
1726,  $$4637250915 3%0+
1727,  $$4637250915 3)0'
1728,  $$4637250915 3*0(
1729,  $$4637250915 3+0#
1730,  $$4637250915 3-/$
1731,  $$4637250915 3-0$
1732,  $$4637250915 300-
1733,  $$4637250915 310-
1734,  $$4637250915 330.
1735,  $$4637250915 340-
1736,  $$4637250915 350-
1737,  $$4637250915 360.
1738,  $$4637250915 3702
1739,"  $$4637250915 380,"
1740,  $$4637250915 390+
1741, !(+<2<-4
1742,  0-666647465+-$
1743,  0-666647465+.$
1744,"  0-666647465,-$"
1745,"  0-666647465,.$"
1746,"  "".261706098514'/2"
1747,"  "".261706098514'02"
1748,"  "".261706098514(/2"
1749,"  "".261706098514(03"
1750,  /'2;2<0<2?0$)G
1751,  /'2;2<0<2?0$)H
1752,  /'2;2<0<2?0$*G
1753,  /'2;2<0<2?0$*H
1754, !2.240504'-1
1755, !2.240504'.1
1756, !2.240504(-1
1757, !2.240504(.2
1758," ""%-94977:7874!8*/6"
1759," ""%-94977:7874!8+/7"
1760, !&+:2:363:4::=66-/
1761, !&+:2:363:4::=67.'
1762, !&+:2:363:4::=67/'
1763, !-1131424654736348)0
1764," !,)3=2=2=2>#""1B"
1765," ""'-<4;79::89/3"
1766,  0-666647465A55+.6
1767,  0-666647465A55+/6
1768,"  0-666647465A55,.5"
1769,"  0-666647465A55,/6"
1770,  25240814 2</0
1771, !/'292:0;2=0$)E
1772, !/'292:0;2=0$)F
1773, !/'292:0;2=0$*E
1774, !/'292:0;2=0$*F
1775," ""$-44472:1824 28282:3 /-"
1776," ""$-44472:1824 28282:3 0-"
1777," ""$-44472:1824 28282:3!0+"
1778," ""$-44472:1824 28282:3!1+"
1779," ""$-44472:1824 28282:3""01"
1780," ""$-44472:1824 28282:3""11"
1781," ""$-44472:1824 28282:3#.0"
1782," ""$-44472:1824 28282:3#/0"
1783," ""$-44472:1824 28282:3$0)"
1784," ""$-44472:1824 28282:3$1)"
1785," ""$-44472:1824 28282:3%0+"
1786," ""$-44472:1824 28282:3%1+"
1787," ""$-44472:1824 28282:3)0("
1788," ""$-44472:1824 28282:3)1("
1789," ""$-44472:1824 28282:3*0("
1790," ""$-44472:1824 28282:3*1("
1791," ""$-44472:1824 28282:3+/%"
1792," ""$-44472:1824 28282:3+0%"
1793," ""$-44472:1824 28282:3- %"
1794," ""$-44472:1824 28282:3-!%"
1795," ""$-44472:1824 28282:3-$%"
1796," ""$-44472:1824 28282:3-%%"
1797," ""$-44472:1824 28282:3-&%"
1798," ""$-44472:1824 28282:3-'%"
1799," ""$-44472:1824 28282:3-(%"
1800," ""$-44472:1824 28282:3-)%"
1801," ""$-44472:1824 28282:3-*%"
1802," ""$-44472:1824 28282:3-/%"
1803," ""$-44472:1824 28282:3-0%"
1804," ""$-44472:1824 28282:3-3%"
1805," ""$-44472:1824 28282:3-4%"
1806," ""$-44472:1824 28282:300-"
1807," ""$-44472:1824 28282:301-"
1808," ""$-44472:1824 28282:310."
1809," ""$-44472:1824 28282:311."
1810," ""$-44472:1824 28282:320-"
1811," ""$-44472:1824 28282:321-"
1812," ""$-44472:1824 28282:330-"
1813," ""$-44472:1824 28282:331-"
1814," ""$-44472:1824 28282:340-"
1815," ""$-44472:1824 28282:341."
1816," ""$-44472:1824 28282:3503"
1817," ""$-44472:1824 28282:3513"
1818," ""$-44472:1824 28282:360,"
1819," ""$-44472:1824 28282:361,"
1820," ""$-44472:1824 28282:37/4"
1821," ""$-44472:1824 28282:370,"
1822," ""$-44472:1824 28282:371,"
1823," ""$-44472:1824 28282:380-"
1824," ""$-44472:1824 28282:381-"
1825,31*'*08
1826,31*'*18
1827,31*'+0;
1828,31*'+1<
1829,33' 1--
1830,32')1/-
1831,31 '.0:
1832,31 '.1:
1833,31 '/0:
1834,31 '/1;
1835,31 1. :
1836,31 1.!:
1837,31 1.':
1838,31 1.(:
1839,31 1.):
1840,31 1.*:
1841,31 1.+:
1842,"31 1.,:"
1843,31 1.1:
1844,31 1.44
1845,31 1/ ;
1846,31 1/!;
1847,31 1/';
1848,31 1/(;
1849,31 1/);
1850,31 1/*;
1851,31 1/+;
1852,"31 1/,;"
1853,31 1/1;
1854,31 1/39
1855,31 1/54
1856,"3111, 5"
1857,"3111,!5"
1858,"3111,'5"
1859,"3111,(5"
1860,"3111,)5"
1861,"3111,*5"
1862,"3111,+5"
1863,"3111,,5"
1864,"3111,15"
1865,"3111,35"
1866,3111- 6
1867,3111-!6
1868,3111-'6
1869,3111-(6
1870,3111-)6
1871,3111-*6
1872,3111-+6
1873,"3111-,6"
1874,3111-16
1875,3111-34
1876,3111-44
1877,33+04 $
1878,33+04!$
1879,33+04$$
1880,33+04&$
1881,33+04'$
1882,33+04($
1883,33+04)$
1884,33+04*$
1885,33+04+$
1886,33+040$
1887,"33+042"""
1888,33+043$
1889,33+05! 
1890,33+08 %
1891,33+08!%
1892,33+08$%
1893,33+08&%
1894,33+08'%
1895,33+08(%
1896,33+08)$
1897,33+08*%
1898,33+08+%
1899,33+080%
1900,33+081%
1901,33+083%
1902,"311',05"
1903,"311',15"
1904,311'-05
1905,311'-16
1906,31&(*06
1907,31&(*16
1908,31&(+06
1909,31&(+17
1910,32*%9.&
1911,31$**06
1912,31$**16
1913,31$*+06
1914,31$*+17
1915,31*382&
1916,"312.""-#"
1917,"312.#."""
1918,"31"")(04"
1919,"31"")(14"
1920,"31""))04"
1921,"31""))15"
1922,33+441$
1923,"33+442"""
1924,33+481%
1925,33*382&
1926,32&1*/6
1927,32&1*06
1928,32&1+/6
1929,32&1+07
1930,"  $,&-5"
1931,"  $,'-6"
1932,  1#46343824 2?31/&
1933,  1#46343824 2?310&
1934," ""!2182: 2 /,"
1935," ""!2182: 2!/."
1936," ""!2182: 2""/0"
1937," ""!2182: 2#/0"
1938," ""!2182: 2'.&"
1939," ""!2182: 2)/+"
1940," ""!2182: 2*/'"
1941," ""!2182: 2+/#"
1942," ""!2182: 2-.$"
1943," ""!2182: 2-/$"
1944," ""!2182: 22/-"
1945," ""!2182: 23/-"
1946," ""!2182: 25/."
1947," ""!2182: 26/-"
1948," ""!2182: 27/-"
1949," ""!2182: 28/."
1950," ""!2182: 29/."
1951," ""!2182: 2:/."
1952," ""!2182: 2;/1"
1953," ""!2182: 2</,"
1954," ""!2182: 2=/-"
1955,   5343814 2=/.
1956," "" $33371:2704 2 /1"
1957," "" $33371:2704 2!/1"
1958," "" $33371:2704 2""/+"
1959," "" $33371:2704 2#/,"
1960," "" $33371:2704 2$/."
1961," "" $33371:2704 2).&"
1962," "" $33371:2704 2+/)"
1963," "" $33371:2704 2,/'"
1964," "" $33371:2704 2-/#"
1965," "" $33371:2704 2/.$"
1966," "" $33371:2704 2//$"
1967," "" $33371:2704 22//"
1968," "" $33371:2704 23//"
1969," "" $33371:2704 25/0"
1970," "" $33371:2704 26//"
1971," "" $33371:2704 27//"
1972," "" $33371:2704 28/0"
1973," "" $33371:2704 29/1"
1974," "" $33371:2704 2://"
1975," "" $33371:2704 2;/."
1976," "" $33371:2704 2</-"
1977, !('<9<;9><@##%&
1978, !('<9<;9><@##&&
1979, !('<9<;9><@#))$
1980, !('<9<;9><@#;%*
1981, !('<9<;9><@#;&*
1982, !('<9<;9><@#<%*
1983, !('<9<;9><@#<&*
1984," !('<9<;9><@#= ,"
1985," !('<9<;9><@#=!,"
1986," !('<9<;9><@#="","
1987," !('<9<;9><@#=#,"
1988," !('<9<;9><@#=$,"
1989," !('<9<;9><@#=%,"
1990," !('<9<;9><@#=&,"
1991," !('<9<;9><@#=(,"
1992, !('<9<;9><@#=(E
1993," !('<9<;9><@#=+,"
1994," !('<9<;9><@#=,+"
1995," !('<9<;9><@#=-,"
1996," !('<9<;9><@#=9,"
1997," !('<9<;9><@#>),"
1998,  +.361615(.0
1999,  +.361615(/0
2000,  +.361615).0
2001,  +.361615)/1
2002,"  (-<6;687 ,3"
2003,  (-<6;687 -3
2004,  (-<6;687!-4
2005,  (-<6;687!.5
2006,"  (-<6;687""-2"
2007,"  (-<6;687"".3"
2008,  (-<6;687#-2
2009,  (-<6;687#.3
2010,  (-<6;687$-3
2011,  (-<6;687$.4
2012,  (-<6;687%-4
2013,  (-<6;687%.5
2014,  (-<6;687&-8
2015,  (-<6;687&.9
2016,  (-<6;687'-9
2017,  (-<6;687'.:
2018,  (-<6;687)-1
2019,  (-<6;687).1
2020,  (-<6;687*-0
2021,  (-<6;687*.1
2022,"  (-<6;687,-0"
2023,"  (-<6;687,.1"
2024,  (-<6;687--2
2025,  (-<6;687-.3
2026,  (-<6;687.-6
2027,  (-<6;687..7
2028,  (-<6;687/-/
2029,  (-<6;687/.0
2030,  (-<6;6870-&
2031,  (-<6;6870.&
2032,  (-<6;6871-(
2033,  (-<6;6871.'
2034,  (-<6;6874-.
2035,  (-<6;6874./
2036,  (-<6;6875-5
2037,  (-<6;6875.6
2038,  (-<6;6876-<
2039,  (-<6;6876.=
2040,"  (-<6;6877,9"
2041,  (-<6;6877-:
2042,"  (-<6;6878,8"
2043,  (-<6;6878-9
2044,  (-<6;6879-2
2045,  (-<6;6879.3
2046,   #46342824 2;2<3;0.
2047, !#/32342410-
2048, !$&343#%;
2049, !$&343#%<
2050, !$&343#&<
2051, !$&343#&=
2052, !#-343415&-3
2053, !#-343415&.3
2054, !#-343415'-3
2055, !#-343415'.4
2056, !%-948475748?73&/3
2057, !%-948475748?73&03
2058, !%-948475748?73'/7
2059, !%-948475748?73'08
2060,"  $#46440834 293938494 2,"
2061,  $#46440834 293938494!3/
2062,"  $#46440834 293938494""3/"
2063,  $#46440834 293938494#3)
2064,  $#46440834 293938494$3*
2065,  $#46440834 293938494(3'
2066,  $#46440834 293938494)3(
2067,  $#46440834 293938494*3#
2068,"  $#46440834 293938494,1%"
2069,"  $#46440834 293938494,2%"
2070,"  $#46440834 293938494/3,"
2071,"  $#46440834 29393849403,"
2072,  $#46440834 29393849423-
2073,  $#46440834 29393849433-
2074,  $#46440834 29393849443-
2075,  $#46440834 29393849453+
2076,  $#46440834 293938494631
2077,  $#46440834 29393849473+
2078,"  $#46440834 29393849483,"
2079," "" *4;3<3>3F2A3C16>"
2080," "" *4;3<3>3F2A3C17>"
2081," "" /43492;3915 300%"
2082," "" /43492;3915 301%"
2083,  /$2617050905 3=4<10
2084,  15442834 2>3>4 10
2085,  15442834 2>3>4!13
2086,"  15442834 2>3>4""05"
2087,  15442834 2>3>4#13
2088,  15442834 2>3>4$10
2089,  15442834 2>3>4%1.
2090,  15442834 2>3>4&10
2091,"  15442834 2>3>4,0&"
2092,  15442834 2>3>4.1*
2093,  15442834 2>3>4/1'
2094,  15442834 2>3>401#
2095,  15442834 2>3>42.&
2096,"  ',<5;-3"
2097,  15442834 2>3>42/&
2098,  15442834 2>3>4512
2099,  15442834 2>3>4612
2100,  15442834 2>3>4812
2101,  15442834 2>3>4912
2102,  15442834 2>3>4:22
2103,  15442834 2>3>4;13
2104,  15442834 2>3>4<12
2105,  15442834 2>3>4=12
2106,  &1:3:49473'
2107,  0+646545667<=86-5
2108,  0+646545667<=87..
2109,  0+646545667<=87/.
2110,33+&4.$
2111,"33+&4/"""
2112,33+&8.%
2113,31( *-7
2114,31( *.7
2115,31( +-7
2116,31( +.8
2117,31('*07
2118,31('*17
2119,31('+07
2120,31('+18
2121,"31/+,14"
2122,"31/+,24"
2123,31/+-14
2124,31/+-25
2125,313'*04
2126,313'*14
2127,313'+04
2128,313'+15
2129,33'&1.-
2130,31#**04
2131,31#**14
2132,31#*+04
2133,31#*+15
2134,31.'-05
2135,31.'-14
2136,31.'.05
2137,31.'.15
2138,32+-5&*
2139,31$)+07
2140,31$)+17
2141,"31$),07"
2142,"31$),18"
2143,31$+*16
2144,31$+*26
2145,31$++16
2146,31$++27
2147,"32,1 .6"
2148,"32,1 /6"
2149,"32,1!/:"
2150,"32,1!0;"
2151,"32,1""/9"
2152,"32,1""0:"
2153,"32,1#/4"
2154,"32,1#05"
2155,"32,1$/4"
2156,"32,1$05"
2157,"32,1%/6"
2158,"32,1%07"
2159,"32,1&/6"
2160,"32,1&07"
2161,"32,1'/6"
2162,"32,1'07"
2163,"32,1(/6"
2164,"32,1(07"
2165,"32,1)/7"
2166,"32,1)08"
2167,"32,1*/:"
2168,"32,1*0;"
2169,"32,1+/;"
2170,"32,1+0<"
2171,"32,1-/5"
2172,"32,1-05"
2173,"32,1./4"
2174,"32,1.05"
2175,"32,10/5"
2176,"32,1006"
2177,"32,11/7"
2178,"32,1108"
2179,"32,12/3"
2180,"32,1204"
2181,"32,13/%"
2182,"32,130%"
2183,"32,14/%"
2184,"32,140$"
2185,"32,17/2"
2186,"32,1703"
2187,"32,18/8"
2188,"32,1809"
2189,"32,19/>"
2190,"32,190?"
2191,"32,1:,="
2192,"32,1:->"
2193,"32,1;.;"
2194,"32,1;/<"
2195,"32,1</4"
2196,"32,1<05"
2197,31*0* 8
2198,31*0*!8
2199,31*0*&8
2200,31*0*'8
2201,31*0*(8
2202,31*0*)8
2203,31*0**8
2204,31*0*+9
2205,31*0*08
2206,31*0*28
2207,31*0+ ;
2208,31*0+!;
2209,31*0+&;
2210,31*0+';
2211,31*0+(;
2212,31*0+);
2213,31*0+*;
2214,31*0++<
2215,31*0+0;
2216,31*0+2<
2217,31*080&
2218,31*081&
2219,"31""0( 4"
2220,"31""0(!4"
2221,"31""0(&4"
2222,"31""0('4"
2223,"31""0((4"
2224,"31""0()4"
2225,"31""0(*4"
2226,"31""0(+4"
2227,"31""0(04"
2228,"31""0(24"
2229,"31""0) 4"
2230,"31""0)!4"
2231,"31""0)&4"
2232,"31""0)'4"
2233,"31""0)(4"
2234,"31""0))4"
2235,"31""0)*4"
2236,"31""0)+4"
2237,"31""0)04"
2238,"31""0)25"
2239,  !-262607061+($
2240,  !-262607061+)$
2241,"  !-262607061,($"
2242,"  !-262607061,)$"
2243,  .*3?7A3A;?@$)C
2244,  .*3?7A3A;?@$*C
2245,  .*3?7A3A;?@$+C
2246,  .*3?7A3A;?@$-C
2247,  /31:1814 2>3=3>4<21
2248,33(!2-.
2249,"31,' /6"
2250,"31,' 06"
2251,"31,'!0:"
2252,"31,'!1;"
2253,"31,'""09"
2254,"31,'""1:"
2255,"31,'#04"
2256,"31,'#15"
2257,"31,'$04"
2258,"31,'$15"
2259,"31,'%05"
2260,"31,'%16"
2261,"31,'&06"
2262,"31,'&17"
2263,"31,''07"
2264,"31,''18"
2265,"31,'(06"
2266,"31,'(17"
2267,"31,')07"
2268,"31,')18"
2269,"31,'*0:"
2270,"31,'*1;"
2271,"31,'+0;"
2272,"31,'+1<"
2273,"31,'-05"
2274,"31,'-15"
2275,"31,'.04"
2276,"31,'.15"
2277,"31,'005"
2278,"31,'016"
2279,"31,'107"
2280,"31,'118"
2281,"31,'203"
2282,"31,'214"
2283,"31,'30%"
2284,"31,'31%"
2285,"31,'40%"
2286,"31,'41$"
2287,"31,'702"
2288,"31,'713"
2289,"31,'808"
2290,"31,'819"
2291,"31,'90>"
2292,"31,'91?"
2293,"31,':-="
2294,"31,':.>"
2295,"31,';1;"
2296,"31,';2<"
2297,"31,'<04"
2298,"31,'<15"
2299,31'0* 6
2300,31'0*!6
2301,31'0*&6
2302,31'0*'6
2303,31'0*(6
2304,31'0*)6
2305,31'0**6
2306,31'0*+6
2307,31'0*06
2308,31'0*26
2309,31'0+ 6
2310,31'0+!6
2311,31'0+&6
2312,31'0+'6
2313,31'0+(6
2314,31'0+)6
2315,31'0+*6
2316,31'0++6
2317,31'0+06
2318,31'0+27
2319,31'010-
2320,31'011-
2321,33*292&
2322,31! .-:
2323,31! ..:
2324,31! /-9
2325,31! /.:
2326,312(.08
2327,312(.18
2328,312(/07
2329,312(/18
2330,"31,! ,6"
2331,"31,! -6"
2332,"31,!!-:"
2333,"31,!!.;"
2334,"31,!""-9"
2335,"31,!"".:"
2336,"31,!#-4"
2337,"31,!#.5"
2338,"31,!$-4"
2339,"31,!$.5"
2340,"31,!%-6"
2341,"31,!%.7"
2342,"31,!&-6"
2343,"31,!&.7"
2344,"31,!'-6"
2345,"31,!'.7"
2346,"31,!(-6"
2347,"31,!(.7"
2348,"31,!)-7"
2349,"31,!).8"
2350,"31,!*-:"
2351,"31,!*.;"
2352,"31,!+-;"
2353,"31,!+.<"
2354,"31,!--5"
2355,"31,!-.5"
2356,"31,!.-4"
2357,"31,!..5"
2358,"31,!0-5"
2359,"31,!0.6"
2360,"31,!1-7"
2361,"31,!1.8"
2362,"31,!2-3"
2363,"31,!2.4"
2364,"31,!3-%"
2365,"31,!3.%"
2366,"31,!4-%"
2367,"31,!4.$"
2368,"31,!7-2"
2369,"31,!7.3"
2370,"31,!8-8"
2371,"31,!8.9"
2372,"31,!9->"
2373,"31,!9.?"
2374,"31,!:*="
2375,"31,!:+>"
2376,"31,!;.;"
2377,"31,!;/<"
2378,"31,!<-4"
2379,"31,!<.5"
2380,32*.*/8
2381,32*.+/;
2382,32*.9 &
2383,32*.9!&
2384,32*.9#&
2385,32*.9$&
2386,32*.9%&
2387,32*.9&&
2388,32*.9'%
2389,32*.9(&
2390,32*.9)'
2391,32*.9.&
2392,32*.9/&
2393,32*.91&
2394,30(0*37
2395,30(0+37
2396,30(020.
2397,30(021.
2398,"3112,/5"
2399,"3112,05"
2400,3112-/5
2401,3112-06
2402,33*193&
2403,31. --5
2404,31. -.4
2405,31. .-5
2406,31. ..5
2407,31%!*-6
2408,31%!*.6
2409,31%!+-6
2410,31%!+.7
2411,32'/*06
2412,32'/+07
2413,32'/12-
2414,31)&*.7
2415,31)&*/7
2416,31)&+.:
2417,31)&+/;
2418,31 +.1:
2419,31 +.2:
2420,31 +/1:
2421,31 +/2;
2422,312*.08
2423,312*.18
2424,312*/07
2425,312*/18
2426,31'312-
2427,"31/1, 4"
2428,"31/1,!4"
2429,"31/1,'4"
2430,"31/1,(4"
2431,"31/1,)4"
2432,"31/1,*4"
2433,"31/1,+4"
2434,"31/1,,4"
2435,"31/1,14"
2436,"31/1,35"
2437,31/1- 5
2438,31/1-!5
2439,31/1-'5
2440,31/1-(5
2441,31/1-)5
2442,31/1-*5
2443,31/1-+5
2444,"31/1-,5"
2445,31/1-15
2446,31/1-34
2447,31/1-43
2448," ""!2182: 2=3>0,"
2449," !0*6=5=5>""<7""5?"
2450," !0*6=5=5>""<7$5I"
2451, !'0<4;4:930$
2452," !'0<4;4:931"""
2453, !'0<4;4:970&
2454,  /$2617050905 3=4<4=5 33
2455,  /$2617050905 3=4<4=5!33
2456,"  /$2617050905 3=4<4=5""3."
2457,  /$2617050905 3=4<4=5#3.
2458,  /$2617050905 3=4<4=5$3/
2459,  /$2617050905 3=4<4=5*2&
2460,"  /$2617050905 3=4<4=5,3)"
2461,  /$2617050905 3=4<4=5-3'
2462,  /$2617050905 3=4<4=5.3#
2463,  /$2617050905 3=4<4=501%
2464,  /$2617050905 3=4<4=502%
2465,  /$2617050905 3=4<4=5330
2466,  /$2617050905 3=4<4=5430
2467,  /$2617050905 3=4<4=5632
2468,  /$2617050905 3=4<4=5730
2469,  /$2617050905 3=4<4=5830
2470,  /$2617050905 3=4<4=5930
2471,  /$2617050905 3=4<4=5:3/
2472,  /$2617050905 3=4<4=5;30
2473, !%*9=9>:?7%&
2474, !%*9=9>:?8%&
2475,  $04646351925 3 1.
2476,"  $04646351925 3!2,"
2477,"  $04646351925 3""20"
2478,  $04646351925 3#20
2479,  $04646351925 3$2*
2480,  $04646351925 3%2*
2481,"  $04646351925 3&2,"
2482,  $04646351925 3*2(
2483,  $04646351925 3+2(
2484,"  $04646351925 3,2#"
2485,  $04646351925 3.0%
2486,  $04646351925 3.1%
2487,  $04646351925 312.
2488,  $04646351925 322.
2489,  $04646351925 342/
2490,  $04646351925 352/
2491,  $04646351925 362/
2492,  $04646351925 372-
2493,  $04646351925 3823
2494,  $04646351925 392-
2495,"  $04646351925 3:2,"
2496,  (*;>:=8A2%+
2497, ! '494:2;4=2$(E
2498, ! '494:2;4=2$(F
2499, ! '494:2;4=2$)E
2500, ! '494:2;4=2$)F
2501," !-1131424654736348484* ,"
2502," !-1131424654736348484*!,"
2503," !-1131424654736348484*&,"
2504," !-1131424654736348484*),"
2505," !-1131424654736348484**,"
2506," !-1131424654736348484*+,"
2507," !-1131424654736348484*,,"
2508, !-1131424654736348484*-+
2509," !-1131424654736348484*.,"
2510," !-1131424654736348484*/,"
2511," !-1131424654736348484*4,"
2512," !-1131424654736348484.),"
2513," """"2182: 2?3@0."
2514,  &+:4:565:6:<=86-/
2515,  &+:4:565:6:<=87.'
2516,  &+:4:565:6:<=87/'
2517,  '(<<;=;B#B#$ %
2518, !*+221207*/3
2519, !*+221207+/4
2520," ""$043332326:#1*"
2521,   /444636352925 0.
2522, ! &4536373=17 5@9?!*4
2523, ! &4536373=17 5@9?!+4
2524," ! &4536373=17 5@9?!,4"
2525, ! &4536373=17 5@9?!-4
2526, ! &4536373=17 5@9?!.5
2527, ! &4536373=17 5@9?!14
2528,  231:0814 2</0
2529,  !.261706&-1
2530,  !.261706&.1
2531,  !.261706'-1
2532,  !.261706'.2
2533," !,+323434'-/"
2534," !,+323434(-/"
2535," ""'-<4;79::894!8)/7"
2536," ""'-<4;79::894!8+/4"
2537," ""'-<4;79::894!8101"
2538," ""'-<4;79::894!8111"
2539,"  ,+343636/453.7'/."
2540,"  ,+343636/453.7(/."
2541," !,*3=1=3>#<4""0?"
2542," """" 25290:3:06 41,%"
2543," """" 25290:3:06 41-%"
2544,"  ,%36262915 3>32.%"
2545,"  ,%36262915 3>32/%"
2546,  ##3634/824 273736474 3+
2547,  ##3634/824 273736474!3.
2548,"  ##3634/824 273736474""3."
2549,  ##3634/824 273736474#3(
2550,  ##3634/824 273736474$3)
2551,  ##3634/824 273736474'3*
2552,  ##3634/824 273736474(3'
2553,  ##3634/824 273736474)3#
2554,  ##3634/824 273736474+1%
2555,  ##3634/824 273736474+2%
2556,  ##3634/824 273736474.3+
2557,  ##3634/824 273736474/3+
2558,"  ##3634/824 27373647413,"
2559,"  ##3634/824 27373647423,"
2560,"  ##3634/824 27373647433,"
2561,  ##3634/824 27373647443*
2562,  ##3634/824 27373647453*
2563,  ##3634/824 27373647463+
2564, !'-<4;-3
2565, !'-<4;.3
2566,  1&4636677=37 5/-&
2567,  1&4636677=37 5/.&
2568, !(-<4;48594:?53485/1
2569, !(-<4;48594:?5348502
2570," ""!0231303068#/*"
2571,  / 24240824 2=3 01
2572,  / 24240824 2=3!04
2573,"  / 24240824 2=3""04"
2574,  / 24240824 2=3#0.
2575,  / 24240824 2=3$00
2576,  / 24240824 2=3%0/
2577,  / 24240824 2=3&01
2578,"  / 24240824 2=3,/&"
2579,  / 24240824 2=3.0*
2580,  / 24240824 2=3/0'
2581,  / 24240824 2=300#
2582,  / 24240824 2=32.%
2583,  / 24240824 2=32/%
2584,  / 24240824 2=3502
2585,  / 24240824 2=3602
2586,  / 24240824 2=3803
2587,  / 24240824 2=3902
2588,  / 24240824 2=3:03
2589,  / 24240824 2=3;02
2590,  / 24240824 2=3<02
2591,  / 24240824 2=3=01
2592,  / 24240824 2=3>00
2593,  $.46372629:524$/0
2594,  $.46372629:524$00
2595,  $.46372629:524%/0
2596,  $.46372629:524%01
2597,"  ))1@3?2A4B2""#E"
2598,"  ))1@3?2A4B2""#L"
2599, !(.<4959497<-1
2600, !(.<4959497<.2
2601,"  0*6?5@5A""?8""6@"
2602,"  0*6?5@5A""?8$6G"
2603," "" $33371:2704 2<3;0."
2604,  +&3626476=17 5/-%
2605,  +&3626476=17 5/.%
2606," ""&-:4:79:;8;4!8*/6"
2607," ""&-:4:79:;8;4!8+/7"
2608," ""&-:4:79:;8;4!8100"
2609," ""&-:4:79:;8;4!8110"
2610,  25240814 2<3=3 2.
2611,  25240814 2<3=3!23
2612,"  25240814 2<3=3""23"
2613,"  25240814 2<3=3#2,"
2614,  25240814 2<3=3$2.
2615,  25240814 2<3=3*1&
2616,"  25240814 2<3=3,2*"
2617,  25240814 2<3=3-2'
2618,  25240814 2<3=3.2#
2619,  25240814 2<3=300%
2620,  25240814 2<3=301%
2621,  25240814 2<3=3320
2622,  25240814 2<3=3420
2623,  25240814 2<3=3621
2624,  25240814 2<3=3721
2625,  25240814 2<3=3821
2626,  25240814 2<3=392/
2627,  25240814 2<3=3:21
2628,  25240814 2<3=3;2/
2629,  25240814 2<3=3<20
2630, !$044443910-
2631,  133:2834 2>3>4 10
2632,  133:2834 2>3>4!13
2633,"  133:2834 2>3>4""05"
2634,  133:2834 2>3>4#13
2635,  133:2834 2>3>4$10
2636,  133:2834 2>3>4%1.
2637,  133:2834 2>3>4&10
2638,"  133:2834 2>3>4,0&"
2639,  133:2834 2>3>4.1*
2640,  133:2834 2>3>4/1'
2641,  133:2834 2>3>401#
2642,  133:2834 2>3>42.&
2643,  133:2834 2>3>42/&
2644,  133:2834 2>3>4512
2645,  133:2834 2>3>4612
2646,  133:2834 2>3>4812
2647,  133:2834 2>3>4912
2648,  133:2834 2>3>4:22
2649,  133:2834 2>3>4;13
2650,  133:2834 2>3>4<12
2651,  133:2834 2>3>4=12
2652, !&*;>:=:?<D;?4B;?4!)C
2653, !&*;>:=:?<D;?4B;?4!*C
2654, !&*;>:=:?<D;?4B;?4) B
2655," !&*;>:=:?<D;?4B;?4)""B"
2656, !&*;>:=:?<D;?4B;?4)#@
2657, !&*;>:=:?<D;?4B;?4)$B
2658, !&*;>:=:?<D;?4B;?4))B
2659, !&*;>:=:?<D;?4B;?4)*B
2660, !&*;>:=:?<D;?4B;?4)+B
2661," !&*;>:=:?<D;?4B;?4),B"
2662, !&*;>:=:?<D;?4B;?4)2B
2663,33**90&
2664,"32,!4+%"
2665,"32,!4,$"
2666,"33+14 """
2667,"33+14!"""
2668,"33+14$"""
2669,"33+14%"""
2670,"33+14'"""
2671,"33+14("""
2672,"33+14)"""
2673,"33+14*"""
2674,"33+14+"""
2675,"33+14,"""
2676,"33+141"""
2677,33+143$
2678,"33+145"""
2679,33+15! 
2680,33+183%
2681,31+382%
2682,"31""!(-4"
2683,"31""!(.4"
2684,"31""!)-4"
2685,"31""!).5"
2686,32+'4.$
2687,"32+'4/"""
2688,32+'8.$
2689,313**04
2690,313**14
2691,313*+04
2692,313*+15
2693,31#0* 4
2694,31#0*!4
2695,31#0*&4
2696,31#0*'4
2697,31#0*(4
2698,31#0*)4
2699,31#0**4
2700,31#0*+4
2701,31#0*04
2702,31#0*24
2703,31#0+ 4
2704,31#0+!4
2705,31#0+&4
2706,31#0+'4
2707,31#0+(4
2708,31#0+)4
2709,31#0+*4
2710,31#0++4
2711,31#0+04
2712,31#0+25
2713,312'.08
2714,312'.18
2715,312'/07
2716,312'/18
2717,"31,1  5"
2718,"31,1 !5"
2719,"31,1 '5"
2720,"31,1 (5"
2721,"31,1 )5"
2722,"31,1 *5"
2723,"31,1 +5"
2724,"31,1 ,5"
2725,"31,1 05"
2726,"31,1 24"
2727,"31,1! 5"
2728,"31,1!!5"
2729,"31,1!'5"
2730,"31,1!(5"
2731,"31,1!)5"
2732,"31,1!*5"
2733,"31,1!+5"
2734,"31,1!,5"
2735,"31,1!15"
2736,"31,1"" ;"
2737,"31,1""!;"
2738,"31,1""';"
2739,"31,1""(;"
2740,"31,1"");"
2741,"31,1""*;"
2742,"31,1""+;"
2743,"31,1"",;"
2744,"31,1""1;"
2745,"31,1""39"
2746,"31,1""54"
2747,"31,1# :"
2748,"31,1#!:"
2749,"31,1#&:"
2750,"31,1#':"
2751,"31,1#(:"
2752,"31,1#):"
2753,"31,1#*:"
2754,"31,1#+:"
2755,"31,1#0:"
2756,"31,1#28"
2757,"31,1#39"
2758,"31,1$ 5"
2759,"31,1$!5"
2760,"31,1$'5"
2761,"31,1$(5"
2762,"31,1$)5"
2763,"31,1$*5"
2764,"31,1$+5"
2765,"31,1$,5"
2766,"31,1$15"
2767,"31,1$33"
2768,"31,1$43"
2769,"31,1% 5"
2770,"31,1%!5"
2771,"31,1%'5"
2772,"31,1%(5"
2773,"31,1%)5"
2774,"31,1%*5"
2775,"31,1%+5"
2776,"31,1%,5"
2777,"31,1%15"
2778,"31,1%33"
2779,"31,1%43"
2780,"31,1& 7"
2781,"31,1&!7"
2782,"31,1&'7"
2783,"31,1&(6"
2784,"31,1&)7"
2785,"31,1&*8"
2786,"31,1&+7"
2787,"31,1&,7"
2788,"31,1&17"
2789,"31,1&35"
2790,"31,1&45"
2791,"31,1' 7"
2792,"31,1'!7"
2793,"31,1''7"
2794,"31,1'(7"
2795,"31,1')7"
2796,"31,1'*7"
2797,"31,1'+7"
2798,"31,1',7"
2799,  (-<6;68796:-1
2800,  (-<6;68796:.2
2801,  (-<6;68796::28
2802, !+133243539!6875892-%
2803, !+133243539!6875893-%
2804," !%,9363846-0"
2805," !%,9363849-+"
2806," !,0451855/:5/)$"
2807," !,0451855/:5/*$"
2808," !,0451855/:50)$"
2809," !,0451855/:50*$"
2810,31+430'
2811,31+431%
2812,31+1  6
2813,31+1 !6
2814,31+1 '6
2815,31+1 (6
2816,31+1 )6
2817,31+1 *6
2818,31+1 +6
2819,"31+1 ,6"
2820,31+1 16
2821,31+1 34
2822,31+1 44
2823,31+1! :
2824,31+1!!:
2825,31+1!':
2826,31+1!(:
2827,31+1!):
2828,31+1!*:
2829,31+1!+:
2830,"31+1!,:"
2831,31+1!1:
2832,31+1!44
2833,"31+1"" :"
2834,"31+1""!:"
2835,"31+1""&:"
2836,"31+1""':"
2837,"31+1""(:"
2838,"31+1""):"
2839,"31+1""*:"
2840,"31+1""+:"
2841,"31+1""0:"
2842,"31+1""2:"
2843,31+1# 4
2844,31+1#!4
2845,31+1#'4
2846,31+1#(4
2847,31+1#)4
2848,31+1#*4
2849,31+1#+4
2850,"31+1#,4"
2851,31+1#14
2852,31+1#34
2853,31+1$ 4
2854,31+1$!4
2855,31+1$'4
2856,31+1$(4
2857,31+1$)4
2858,31+1$*4
2859,31+1$+4
2860,"31+1$,4"
2861,31+1$14
2862,31+1$34
2863,31+1% 6
2864,31+1%!6
2865,31+1%'6
2866,31+1%(5
2867,31+1%)6
2868,31+1%*7
2869,31+1%+6
2870,"31+1%,6"
2871,31+1%16
2872,31+1%36
2873,31+1& 6
2874,31+1&!6
2875,31+1&'6
2876,31+1&(6
2877,31+1&)6
2878,31+1&*6
2879,31+1&+6
2880,"31+1&,6"
2881,31+1&16
2882,31+1&36
2883,31+1' 6
2884,31+1'!6
2885,31+1''6
2886,31+1'(7
2887,31+1')6
2888,31+1'*5
2889,31+1'+6
2890,"31+1',7"
2891,31+1'16
2892,31+1'36
2893,31+1( 6
2894,31+1(!6
2895,31+1('6
2896,31+1((6
2897,31+1()6
2898,31+1(*6
2899,31+1(+6
2900,"31+1(,6"
2901,31+1(16
2902,31+1(36
2903,31+1) 7
2904,31+1)!7
2905,31+1)'7
2906,31+1)(7
2907,31+1))7
2908,31+1)*8
2909,31+1)+7
2910,"31+1),6"
2911,31+1)17
2912,31+1)37
2913,31+1* 7
2914,31+1*!7
2915,31+1*'7
2916,31+1*(7
2917,31+1*)7
2918,31+1**7
2919,31+1*+7
2920,"31+1*,7"
2921,31+1*17
2922,31+1*37
2923,31+1+ 8
2924,31+1+!8
2925,31+1+'8
2926,31+1+(8
2927,31+1+)8
2928,31+1+*8
2929,31+1++8
2930,"31+1+,9"
2931,31+1+18
2932,31+1+38
2933,31+1- 4
2934,31+1-!4
2935,31+1-'4
2936,31+1-(4
2937,31+1-)4
2938,31+1-*4
2939,31+1-+4
2940,"31+1-,4"
2941,31+1-14
2942,31+1-45
2943,31+1. 4
2944,31+1.!4
2945,31+1.'4
2946,31+1.(4
2947,31+1.)4
2948,31+1.*4
2949,31+1.+4
2950,"31+1.,4"
2951,31+1.14
2952,31+1.35
2953,31+10 5
2954,31+10!5
2955,31+10'5
2956,31+10(5
2957,31+10)5
2958,31+10*5
2959,31+10+5
2960,"31+10,5"
2961,31+1015
2962,31+1035
2963,31+11 8
2964,31+11!8
2965,31+11'8
2966,31+11(8
2967,31+11)8
2968,31+11*8
2969,31+11+8
2970,"31+11,8"
2971,31+1118
2972,31+1138
2973,31+12 2
2974,31+12!2
2975,31+12'2
2976,31+12(2
2977,31+12)2
2978,31+12*1
2979,31+12+2
2980,"31+12,2"
2981,31+1212
2982,31+1233
2983,31+13 '
2984,31+13!(
2985,31+13'(
2986,31+13((
2987,31+13))
2988,31+13*)
2989,31+13+'
2990,"31+13,("
2991,31+131(
2992,31+133(
2993,"31+14 """
2994,"31+14!"""
2995,"31+14'"""
2996,"31+14("""
2997,"31+14)"""
2998,"31+14*"""
2999,"31+14+"""
3000,"31+14,"""
3001,"31+141"""
3002,31+143$
3003,31+15
3004,31+17 2
3005,31+17!2
3006,31+17'2
3007,31+17(2
3008,31+17)2
3009,31+17*1
3010,31+17+2
3011,"31+17,2"
3012,31+1712
3013,31+1733
3014,31+18 :
3015,31+18!:
3016,31+18':
3017,31+18(:
3018,31+18):
3019,31+18*9
3020,31+18+:
3021,  #.362716199514$//
3022,  #.362716199514$0/
3023,  #.362716199514%//
3024,  #.362716199514%00
3025," "" ,4<3<3=#;6#'="
3026," "" ,4<3<3=#;6#3="
3027," "" ,4<3<3=#;6%(I"
3028," "" ,4<3<3=#;6%4I"
3029,"  ,)3@2?2@2A#""(F"
3030,"  ,)3@2?2@2A#""1F"
3031, !()<=:$1E
3032, !2$2313444:14 2-.%
3033, !2$2313444:14 2-/%
3034,"  $,453536/.-"
3035,"  $,453536//-"
3036,"  $,4535362-1"
3037,"  $,4535364-,"
3038,"31,1'17"
3039,"31,1'35"
3040,"31,1'45"
3041,"31,1( 7"
3042,"31,1(!7"
3043,"31,1('7"
3044,"31,1((8"
3045,"31,1()7"
3046,"31,1(*6"
3047,"31,1(+7"
3048,"31,1(,8"
3049,"31,1(17"
3050,"31,1(35"
3051,"31,1(45"
3052,"31,1) 7"
3053,"31,1)!7"
3054,"31,1)'7"
3055,"31,1)(7"
3056,"31,1))7"
3057,"31,1)*7"
3058,"31,1)+7"
3059,"31,1),7"
3060,"31,1)17"
3061,"31,1)35"
3062,"31,1)45"
3063,"31,1* 8"
3064,"31,1*!8"
3065,"31,1*'8"
3066,"31,1*(8"
3067,"31,1*)8"
3068,"31,1**9"
3069,"31,1*+8"
3070,"31,1*,7"
3071,"31,1*18"
3072,"31,1*36"
3073,"31,1*46"
3074,"31,1+ ;"
3075,"31,1+!;"
3076,"31,1+';"
3077,"31,1+(;"
3078,"31,1+);"
3079,"31,1+*;"
3080,"31,1++;"
3081,"31,1+,;"
3082,"31,1+1;"
3083,"31,1+38"
3084,"31,1+4:"
3085,"31,1, <"
3086,"31,1,!<"
3087,"31,1,'<"
3088,"31,1,(<"
3089,"31,1,)<"
3090,"31,1,*<"
3091,"31,1,+<"
3092,"31,1,,="
3093,"31,1,1<"
3094,"31,1,39"
3095,"31,1,4:"
3096,"31,1. 5"
3097,"31,1.!5"
3098,"31,1.'5"
3099,"31,1.(5"
3100,"31,1.)5"
3101,"31,1.*5"
3102,"31,1.+5"
3103,"31,1.,5"
3104,"31,1.15"
3105,"31,1.34"
3106,"31,1.55"
3107,"31,1/ 5"
3108,"31,1/!5"
3109,"31,1/'5"
3110,"31,1/(5"
3111,"31,1/)5"
3112,"31,1/*5"
3113,"31,1/+5"
3114,"31,1/,5"
3115,"31,1/15"
3116,"31,1/34"
3117,"31,1/43"
3118,"31,11 6"
3119,"31,11!6"
3120,"31,11'6"
3121,"31,11(6"
3122,"31,11)6"
3123,"31,11*6"
3124,"31,11+6"
3125,"31,11,6"
3126,"31,1116"
3127,"31,1134"
3128,"31,1144"
3129,"31,12 8"
3130,"31,12!8"
3131,"31,12'8"
3132,"31,12(8"
3133,"31,12)8"
3134,"31,12*8"
3135,"31,12+8"
3136,"31,12,8"
3137,"31,1218"
3138,"31,1236"
3139,"31,1247"
3140,"31,13 4"
3141,"31,13!4"
3142,"31,13'4"
3143,"31,13(4"
3144,"31,13)4"
3145,"31,13*3"
3146,"31,13+4"
3147,"31,13,4"
3148,"31,1314"
3149,"31,1333"
3150,"31,1343"
3151,"31,14 %"
3152,"31,14!%"
3153,"31,14'%"
3154,"31,14(%"
3155,"31,14)%"
3156,"31,14*%"
3157,"31,14+%"
3158,"31,14,%"
3159,"31,141%"
3160,"31,143#"
3161,"31,144'"
3162,"31,15 $"
3163,"31,15!$"
3164,"31,15'$"
3165,"31,15($"
3166,"31,15)$"
3167,"31,15*$"
3168,"31,15+$"
3169,"31,15,$"
3170,"31,151$"
3171,"31,153%"
3172,"31,155$"
3173,"31,16"
3174,"31,18 3"
3175,"31,18!3"
3176,"31,18'3"
3177,"31,18(3"
3178,"31,18)3"
3179,"31,18*2"
3180,"31,18+3"
3181,"31,18,3"
3182,"31,1813"
3183,"31,1832"
3184,"31,1841"
3185,"31,19 9"
3186,"31,19!9"
3187,"31,19'9"
3188,"31,19(9"
3189,"31,19)9"
3190,"31,19*8"
3191,"31,19+9"
3192,"31,19,9"
3193,"31,1919"
3194,"31,1937"
3195,"31,1948"
3196,"31,1: ?"
3197,"31,1:!?"
3198,"31,1:&?"
3199,"31,1:'?"
3200,"31,1:(?"
3201,"31,1:)>"
3202,"31,1:*?"
3203,"31,1:+?"
3204,"31,1:0?"
3205,"31,1:2="
3206,"31,1:3="
3207,"31,1; ="
3208,"31,1;!>"
3209,"31,1;'>"
3210,"31,1;(>"
3211,"31,1;)>"
3212,"31,1;*="
3213,"31,1;+>"
3214,"31,1;.>"
3215,"31,1;0<"
3216,"31,1;1<"
3217,"31,1< <"
3218,"31,1<!6"
3219,"31,1<'="
3220,"31,1<(9"
3221,"31,1<)6"
3222,"31,1<*<"
3223,"31,1<+<"
3224,"31,1<0<"
3225,"31,1<2:"
3226,"31,1<3:"
3227,"31,1= 5"
3228,"31,1=!5"
3229,"31,1='5"
3230,"31,1=(5"
3231,"31,1=)5"
3232,"31,1=*5"
3233,"31,1=+5"
3234,"31,1=,5"
3235,"31,1=15"
3236,"31,1=33"
3237,"31,1=43"
3238,"31+18,:"
3239,31+181:
3240,31+183<
3241," "" *4;3<3>3F2A3C<A3B<."
3242,"  ""5343804 2?/."
3243," !""'292:0;2=0E3@2B=$$("
3244," !""'292:0;2=0E3@2B=$%("
3245," !""'292:0;2=0E3@2B==2B"
3246," !""'292:0;2=0E3@2B=>3A"
3247," !""'292:0;2=0E3@2B=? ,"
3248," !""'292:0;2=0E3@2B=?!,"
3249," !""'292:0;2=0E3@2B=?"","
3250," !""'292:0;2=0E3@2B=?#,"
3251," !""'292:0;2=0E3@2B=?$,"
3252," !""'292:0;2=0E3@2B=?%,"
3253," !""'292:0;2=0E3@2B=?(,"
3254," !""'292:0;2=0E3@2B=?)+"
3255," !""'292:0;2=0E3@2B=?*,"
3256," !""'292:0;2=0E3@2B=?+,"
3257," !""'292:0;2=0E3@2B=?<,"
3258," ""!+2<2A0B2A/= ;&&("
3259," ""!+2<2A0B2A/= ;*'%"
3260," ""!+2<2A0B2A/= ;,&#"
3261," ""!+2<2A0B2A/= ;-&."
3262," ""!+2<2A0B2A/= ;1&+"
3263, !#.342514&-2
3264, !#.342514&.2
3265, !#.342514'-2
3266, !#.342514'.3
3267," ""(+<<<A8B:A9=!A6=1$*M"
3268," ""(+<<<A8B:A9=!A6=1% C"
3269," ""(+<<<A8B:A9=!A6=1%!D"
3270," ""(+<<<A8B:A9=!A6=1%$E"
3271," ""(+<<<A8B:A9=!A6=1%%D"
3272," ""(+<<<A8B:A9=!A6=1%&C"
3273," ""(+<<<A8B:A9=!A6=1%-C"
3274," ""(+<<<A8B:A9=!A6=1%2D"
3275,  /31:1814 2>3=3>4<5<4 2.
3276,  /31:1814 2>3=3>4<5<4!2-
3277,"  /31:1814 2>3=3>4<5<4""2,"
3278,  /31:1814 2>3=3>4<5<4#2.
3279,  /31:1814 2>3=3>4<5<4)1&
3280,  /31:1814 2>3=3>4<5<4+2*
3281,"  /31:1814 2>3=3>4<5<4,2'"
3282,  /31:1814 2>3=3>4<5<4-2#
3283,  /31:1814 2>3=3>4<5<4/0%
3284,  /31:1814 2>3=3>4<5<4/1%
3285,  /31:1814 2>3=3>4<5<422/
3286,  /31:1814 2>3=3>4<5<432/
3287,  /31:1814 2>3=3>4<5<452/
3288,  /31:1814 2>3=3>4<5<462/
3289,  /31:1814 2>3=3>4<5<472.
3290,  /31:1814 2>3=3>4<5<482/
3291,  /31:1814 2>3=3>4<5<492.
3292,  /31:1814 2>3=3>4<5<4:2.
3293,  /31:1814 2>3=3>4<5<4;2.
3294,  /31:1814 2>3=3>4<5<4<2.
3295, !')<=;=9<3%+
3296," ""%-94977:7874!8541854(/3"
3297," ""%-94977:7874!8541854)/3"
3298, !$.44352427:328&/3
3299, !$.44352427:328&03
3300, !$.44352427:328'/3
3301, !$.44352427:328'04
3302,   #46342824 2;2<3;3<4 21
3303,   #46342824 2;2<3;3<4!21
3304,"   #46342824 2;2<3;3<4""2+"
3305,   #46342824 2;2<3;3<4#2-
3306,   #46342824 2;2<3;3<4(1&
3307,   #46342824 2;2<3;3<4*2)
3308,   #46342824 2;2<3;3<4+2'
3309,"   #46342824 2;2<3;3<4,2#"
3310,   #46342824 2;2<3;3<4.0%
3311,   #46342824 2;2<3;3<4.1%
3312,   #46342824 2;2<3;3<412.
3313,   #46342824 2;2<3;3<422.
3314,   #46342824 2;2<3;3<4420
3315,   #46342824 2;2<3;3<452.
3316,   #46342824 2;2<3;3<462.
3317,   #46342824 2;2<3;3<4720
3318,   #46342824 2;2<3;3<482.
3319,   #46342824 2;2<3;3<492-
3320,   #46342824 2;2<3;3<4:2.
3321, !&.949584&-4
3322, !&.949584&.4
3323, !&.949584'-8
3324, !&.949584'.9
3325, !&&;6:6:8<=;84;;84# D
3326, !&&;6:6:8<=;84;;84#!E
3327," !&&;6:6:8<=;84;;84#""C"
3328, !&&;6:6:8<=;84;;84##E
3329, !&&;6:6:8<=;84;;84#)E
3330, !&&;6:6:8<=;84;;84#*E
3331, !&&;6:6:8<=;84;;84#+E
3332," !&&;6:6:8<=;84;;84#,E"
3333, !&&;6:6:8<=;84;;84#2E
3334," ""!12324142506050A05.5&)/"
3335," ""!12324142506050A05.5')0"
3336, !++32232435!2:7*/6
3337, !++32232435!2:7+/7
3338," !""-242405&-2"
3339," !""-242405&.2"
3340," !""-242405'-2"
3341," !""-242405'.3"
3342,  ).163838/-6
3343,  ).163838/.6
3344,  ).1638382-1
3345,  ).1638382.1
3346," """"2182: 2?3@3?4 1/"
3347," """"2182: 2?3@3?4!2."
3348," """"2182: 2?3@3?4""22"
3349," """"2182: 2?3@3?4#22"
3350," """"2182: 2?3@3?4$2,"
3351," """"2182: 2?3@3?4*1&"
3352," """"2182: 2?3@3?4,2+"
3353," """"2182: 2?3@3?4-2("
3354," """"2182: 2?3@3?4.2#"
3355," """"2182: 2?3@3?400%"
3356," """"2182: 2?3@3?401%"
3357," """"2182: 2?3@3?4520"
3358," """"2182: 2?3@3?4620"
3359," """"2182: 2?3@3?4822"
3360," """"2182: 2?3@3?4920"
3361," """"2182: 2?3@3?4:20"
3362," """"2182: 2?3@3?4;21"
3363," """"2182: 2?3@3?4<21"
3364," """"2182: 2?3@3?4=24"
3365," """"2182: 2?3@3?4>2/"
3366," """"2182: 2?3@3?4?2."
3367," ""$*5<3?4A2F0@ ><?<&4="
3368," ""$*5<3?4A2F0@ ><?<&5="
3369, !2-241415'-2
3370, !2-241415'.2
3371, !2-241415(-2
3372, !2-241415(.3
3373, !(+<2<493 -7
3374, !(+<2<493!-:
3375, !(+<2<493#-4
3376, !(+<2<493$-5
3377, !(+<2<493%-5
3378, !(+<2<493&-6
3379, !(+<2<493'-7
3380, !(+<2<493(-7
3381, !(+<2<493)-8
3382, !(+<2<493*-:
3383," !(+<2<493,-4"
3384, !(+<2<493--3
3385, !(+<2<493.-4
3386, !(+<2<4930-5
3387, !(+<2<4931-:
3388, !(+<2<4932-2
3389," !(+<2<4933,+"
3390, !(+<2<4934-$
3391, !(+<2<4934.$
3392, !(+<2<4934/$
3393, !(+<2<4937-1
3394, !(+<2<4938-<
3395, !(+<2<4938.&
3396, !(+<2<4938/&
3397," !(+<2<4939,?"
3398,"31,0(27"
3399, !(+<2<493:*=
3400, !(+<2<493;.;
3401, !(+<2<493<-4
3402,  /.261706098504'/0
3403,  /.261706098504'00
3404,  /.261706098504(/0
3405,  /.261706098504(01
3406," ""#3373:/824 273 0+"
3407," ""#3373:/824 273!0-"
3408," ""#3373:/824 273""0/"
3409," ""#3373:/824 273#0/"
3410," ""#3373:/824 273$0)"
3411," ""#3373:/824 273%0)"
3412," ""#3373:/824 273&0+"
3413," ""#3373:/824 273)0+"
3414," ""#3373:/824 273*0'"
3415," ""#3373:/824 273+0#"
3416," ""#3373:/824 273-.%"
3417," ""#3373:/824 273-/%"
3418," ""#3373:/824 27300-"
3419," ""#3373:/824 27310-"
3420," ""#3373:/824 27330."
3421," ""#3373:/824 27340-"
3422," ""#3373:/824 27350."
3423," ""#3373:/824 27360-"
3424," ""#3373:/824 27370,"
3425," ""#3373:/824 27380+"
3426,  *02626151905!9100
3427,31)2*/7
3428,31)2*07
3429,31)2+/:
3430,31)2+0;
3431,32((2..
3432,32'01/-
3433,31'(*06
3434,31'(*16
3435,31'(+06
3436,31'(+17
3437,31(0* 7
3438,31(0*!7
3439,31(0*&7
3440,31(0*'7
3441,31(0*(7
3442,31(0*)8
3443,31(0**7
3444,31(0*+6
3445,31(0*07
3446,31(0*27
3447,31(0+ 7
3448,31(0+!7
3449,31(0+&7
3450,31(0+'7
3451,31(0+(7
3452,31(0+)8
3453,31(0+*7
3454,31(0++6
3455,31(0+07
3456,31(0+28
3457,31(020.
3458,31(021.
3459,31#+*14
3460,31#+*24
3461,31#++14
3462,31#++25
3463,31()+08
3464,31()+18
3465,"31(),08"
3466,"31(),19"
3467,"312/""-#"
3468,"312/#."""
3469,32.1-/5
3470,32.1-04
3471,32.1./5
3472,32.1.05
3473,"31""&(.4"
3474,"31""&(/4"
3475,"31""&).4"
3476,"31""&)/5"
3477,"31/(,04"
3478,"31/(,14"
3479,31/(-04
3480,31/(-15
3481,33''10-
3482,31 (.0:
3483,31 (.1:
3484,31 (/0:
3485,31 (/1;
3486,32%.*/6
3487,32%.+/6
3488,31&&*.6
3489,31&&*/6
3490,31&&+.6
3491,31&&+/7
3492,31+19 >
3493,31+19!>
3494,31+19&>
3495,31+19'>
3496,31+19(>
3497,31+19)=
3498,31+19*>
3499,31+19+>
3500,31+190>
3501,31+192>
3502,31+1: <
3503,31+1:!=
3504,31+1:'=
3505,31+1:(=
3506,31+1:)=
3507,31+1:*<
3508,31+1:+=
3509,31+1:.=
3510,31+1:0=
3511,31+1; ;
3512,31+1;!5
3513,31+1;'<
3514,31+1;(8
3515,31+1;)5
3516,31+1;*;
3517,31+1;+;
3518,31+1;0;
3519,31+1;2;
3520,31+1< 4
3521,31+1<!4
3522,31+1<'4
3523,31+1<(4
3524,31+1<)4
3525,31+1<*4
3526,31+1<+4
3527,"31+1<,4"
3528,31+1<14
3529,31+1<34
3530,"311+,15"
3531,"311+,25"
3532,311+-15
3533,311+-26
3534,30'0*36
3535,30'0+36
3536,30'010-
3537,30'011-
3538,32+&4.$
3539,"32+&4/"""
3540,32+&8.%
3541,32'&1.-
3542,33*)90%
3543,"31.1, 4"
3544,"31.1,!4"
3545,"31.1,'4"
3546,"31.1,(4"
3547,"31.1,)4"
3548,"31.1,*4"
3549,"31.1,+4"
3550,"31.1,,4"
3551,"31.1,14"
3552,"31.1,45"
3553,31.1- 5
3554,31.1-!5
3555,31.1-'5
3556,31.1-(5
3557,31.1-)5
3558,31.1-*5
3559,31.1-+5
3560,"31.1-,5"
3561,31.1-15
3562,31.1-34
3563,31.1-55
3564,31& *-6
3565,31& *.6
3566,31& +-6
3567,31& +.7
3568,32&/*06
3569,32&/+07
3570,"  +32:1814 2=3>4>8""20"
3571,"  +32:1814 2=3>4>8""6 B"
3572,"  +32:1814 2=3>4>8""6!C"
3573,"  +32:1814 2=3>4>8""6""A"
3574,"  +32:1814 2=3>4>8""6$?"
3575,"  +32:1814 2=3>4>8""6%B"
3576,"  +32:1814 2=3>4>8""6&B"
3577,"  +32:1814 2=3>4>8""65?"
3578,"  +32:1814 2=3>4>8""66B"
3579,"  +32:1814 2=3>4>8""67B"
3580,"  +32:1814 2=3>4>8""7 <"
3581,"  +32:1814 2=3>4>8""7!="
3582,"  +32:1814 2=3>4>8""7"";"
3583,"  +32:1814 2=3>4>8""7$="
3584,"  +32:1814 2=3>4>8""7%<"
3585,"  +32:1814 2=3>4>8""7&<"
3586,"  +32:1814 2=3>4>8""77<"
3587,  0!65694:5:36 4?3;4%8
3588,  0!65694:5:36 4?3;7%3
3589,"  ',<5;6;7 -6"
3590,"  ',<5;6;7!-8"
3591,"  ',<5;6;7#-6"
3592,"   !45492:3:16 4/,%"
3593,   !45492:3:16 4/-%
3594,  $/444636450935 392-
3595,   /444636352925 3<2/
3596,"  , 34242814 2?4<7@4:5 3,"
3597,"  , 34242814 2?4<7@4:5!3*"
3598,"  , 34242814 2?4<7@4:5""3,"
3599,"  , 34242814 2?4<7@4:5(2&"
3600,"  , 34242814 2?4<7@4:5*3*"
3601,"  , 34242814 2?4<7@4:5+3'"
3602,"  , 34242814 2?4<7@4:5,3#"
3603,"  , 34242814 2?4<7@4:5.0&"
3604,"  , 34242814 2?4<7@4:5.1&"
3605,"  , 34242814 2?4<7@4:513."
3606,"  , 34242814 2?4<7@4:523."
3607,"  , 34242814 2?4<7@4:543/"
3608,"  , 34242814 2?4<7@4:553."
3609,"  , 34242814 2?4<7@4:563/"
3610,"  , 34242814 2?4<7@4:573-"
3611,"  , 34242814 2?4<7@4:583-"
3612,"  , 34242814 2?4<7@4:5940"
3613,"  , 34242814 2?4<7@4:5:3-"
3614,"  , 34242814 2?4<7@4:5;36"
3615,"  , 34242814 2?4<7@4:5<3;"
3616,"  , 34242814 2?4<7@4:5=3-"
3617," !$,4333345:2628/-,"
3618," !$,4333345:26280.$"
3619," !$,4333345:26280/$"
3620,313(*04
3621,313(*14
3622,313(+04
3623,313(+15
3624,31.&-.5
3625,31.&-/4
3626,31.&..5
3627,31.&./5
3628,"321.,/5"
3629,321.-/5
3630,33(&2..
3631,33*'90&
3632,"311),05"
3633,"311),15"
3634,311)-05
3635,311)-16
3636,33'*10-
3637,31+& .5
3638,31+& /6
3639,31+&!.:
3640,31+&!/:
3641,"31+&"".:"
3642,"31+&""/:"
3643,31+&#.4
3644,31+&#/4
3645,31+&$.4
3646,31+&$/4
3647,31+&%.6
3648,31+&%/6
3649,31+&&.6
3650,31+&&/6
3651,31+&'.6
3652,31+&'/6
3653,31+&(.6
3654,31+&(/6
3655,31+&).7
3656,31+&)/7
3657,31+&*.7
3658,31+&*/7
3659,31+&+.8
3660,31+&+/8
3661,31+&-.5
3662,31+&-/4
3663,31+&..4
3664,31+&./4
3665,31+&0.5
3666,31+&0/5
3667,31+&1.8
3668,31+&1/8
3669,31+&2.2
3670,31+&2/2
3671,31+&3.)
3672,31+&3/(
3673,31+&4.$
3674,"31+&4/"""
3675,31+&7.2
3676,31+&7/2
3677,31+&8.<
3678,31+&8/:
3679,31+&9.>
3680,31+&9/>
3681,31+&:+=
3682,"31+&:,="
3683,31+&;1;
3684,31+&;2;
3685,31+&<.4
3686,31+&</4
3687,31#!*-4
3688,31#!*.4
3689,31#!+-4
3690,31#!+.5
3691,31*&*.8
3692,31*&*/8
3693,31*&+.;
3694,31*&+/<
3695,31*!*-8
3696,31*!*.8
3697,31*!+-;
3698,31*!+.<
3699,32'(1.-
3700,31+  -5
3701,31+  .6
3702,31+ !-:
3703,31+ !.:
3704,"31+ ""-:"
3705,"31+ "".:"
3706,31+ #-4
3707,31+ #.4
3708,31+ $-4
3709,31+ $.4
3710,31+ %-6
3711,31+ %.6
3712,31+ &-6
3713,31+ &.6
3714,31+ '-6
3715,31+ '.6
3716,31+ (-6
3717,31+ (.6
3718,31+ )-7
3719,31+ ).7
3720,31+ *-7
3721,31+ *.7
3722,31+ +-8
3723,31+ +.8
3724,31+ --5
3725,31+ -.4
3726,31+ .-4
3727,31+ ..4
3728,31+ 0-5
3729,31+ 0.5
3730,31+ 1-8
3731,31+ 1.8
3732,31+ 2-2
3733,31+ 2.2
3734,31+ 3-(
3735,31+ 3.'
3736,31+ 4-$
3737,"31+ 4."""
3738,31+ 7-2
3739,31+ 7.2
3740,31+ 8-<
3741,31+ 8.:
3742,31+ 9->
3743,31+ 9.>
3744,"31+ :,<"
3745,31+ :-<
3746,"31+ ;,;"
3747,31+ ;-;
3748,31+ <-4
3749,31+ <.4
3750,33(02 .
3751,33(02!.
3752,33(02$.
3753,33(02&.
3754,33(02'.
3755,33(02(.
3756,33(02)/
3757,33(02*.
3758,33(02+-
3759,33(020.
3760,33(021.
3761,33(023.
3762,33'212-
3763,"33,04 %"
3764,"33,04!%"
3765,"33,04$%"
3766,"33,04&%"
3767,"33,04'%"
3768,"33,04(%"
3769,"33,04)%"
3770,  &.969786&-4
3771,  &.969786&.4
3772,  &.969786'-8
3773,  &.969786'.9
3774," !,,441452'//"
3775," !,,441452(//"
3776," !""'292:0;2=0E3@2B=@2B13>"
3777," !""'292:0;2=0E3@2B=@2B14>"
3778,  / 24240824 2=3>3=21
3779," ""#/33392;0915 3-0%"
3780," ""#/33392;0915 3-1%"
3781, !1.442515/-2
3782, !1.442515/.2
3783, !1.4425151--
3784, !1.4425151.-
3785," !,,441452/75,)$"
3786," !,,441452/75,*$"
3787," !,,441452/75-)$"
3788," !,,441452/75-*$"
3789,  15442834 2>3>4=5>31
3790,"  ,1333538/536/638 2-%"
3791,"  ,1333538/536/638 3-%"
3792,  133:2834 2>3>4=5>31
3793,"  ""+242505262<780-/"
3794,"  ""+242505262<781.'"
3795,"  ""+242505262<781/'"
3796,32'!1+-
3797,32' 1+-
3798,33(322.
3799,3121. 8
3800,3121.!8
3801,3121.'8
3802,3121.(8
3803,3121.)8
3804,3121.*8
3805,3121.+8
3806,"3121.,8"
3807,3121.18
3808,3121.38
3809,3121/ 8
3810,3121/!8
3811,3121/'8
3812,3121/(8
3813,3121/)8
3814,3121/*8
3815,3121/+8
3816,"3121/,8"
3817,3121/18
3818,3121/36
3819,3121/47
3820,"33,15 $"
3821,"33,15!$"
3822,"33,15$$"
3823,"33,15%$"
3824,"33,15'$"
3825,"33,15($"
3826,"33,15)$"
3827,"33,15*$"
3828,"33,15+$"
3829,"33,15,$"
3830,"33,151$"
3831,"33,153%"
3832,"33,155$"
3833,"33,156$"
3834,"33,16! "
3835,31.!--5
3836,31.!-.4
3837,31.!.-5
3838,31.!..5
3839,3231*/4
3840,3231*04
3841,3231+/4
3842,3231+05
3843,32#.*/4
3844,32#.+/4
3845,32(#2-.
3846,"31.5,05"
3847,"31.5,15"
3848,31.5-04
3849,31.5-15
3850,31((*07
3851,31((*17
3852,31((+07
3853,31((+18
3854,32'210-
3855,313)*04
3856,313)*14
3857,313)+04
3858,313)+15
3859,33()30/
3860,32*!9+&
3861,3221./8
3862,3221.08
3863,3221//7
3864,3221/08
3865,33'01 -
3866,33'01!-
3867,33'01$-
3868,33'01&-
3869,33'01'-
3870,33'01(-
3871,33'01)-
3872,33'01*-
3873,33'01+-
3874,33'010-
3875,33'011-
3876,33'013-
3877,322../8
3878,322.//7
3879,33*$9.&
3880,31(**07
3881,31(**17
3882,31(*+07
3883,31(*+18
3884,33+(40$
3885,"33+(41"""
3886,33+(80%
3887,33((20.
3888,33+*40$
3889,"33+*41"""
3890,33+*80%
3891,31'&*.6
3892,31'&*/6
3893,31'&+.6
3894,31'&+/7
3895,"31,0  6"
3896,"31,0 !6"
3897,"31,0 &6"
3898,"31,0 '6"
3899,"31,0 (6"
3900,"31,0 )6"
3901,"31,0 *6"
3902,"31,0 +6"
3903,"31,0 /6"
3904,"31,0 15"
3905,"31,0 24"
3906,"31,0! :"
3907,"31,0!!:"
3908,"31,0!&:"
3909,"31,0!':"
3910,"31,0!(:"
3911,"31,0!):"
3912,"31,0!*:"
3913,"31,0!+:"
3914,"31,0!0:"
3915,"31,0!2;"
3916,"31,0!43"
3917,"31,0"" 9"
3918,"31,0""!9"
3919,"31,0""%9"
3920,"31,0""&9"
3921,"31,0""'9"
3922,"31,0""(9"
3923,"31,0"")9"
3924,"31,0""*9"
3925,"31,0""/9"
3926,"31,0""1:"
3927,"31,0""24"
3928,"31,0# 4"
3929,"31,0#!4"
3930,"31,0#&4"
3931,"31,0#'4"
3932,"31,0#(4"
3933,"31,0#)4"
3934,"31,0#*4"
3935,"31,0#+4"
3936,"31,0#04"
3937,"31,0#25"
3938,"31,0$ 4"
3939,"31,0$!4"
3940,"31,0$&4"
3941,"31,0$'4"
3942,"31,0$(4"
3943,"31,0$)4"
3944,"31,0$*4"
3945,"31,0$+4"
3946,"31,0$04"
3947,"31,0$25"
3948,"31,0% 6"
3949,"31,0%!6"
3950,"31,0%&6"
3951,"31,0%'5"
3952,"31,0%(6"
3953,"31,0%)7"
3954,"31,0%*6"
3955,"31,0%+6"
3956,"31,0%06"
3957,"31,0%27"
3958,"31,0& 6"
3959,"31,0&!6"
3960,"31,0&&6"
3961,"31,0&'6"
3962,"31,0&(6"
3963,"31,0&)6"
3964,"31,0&*6"
3965,"31,0&+6"
3966,"31,0&06"
3967,"31,0&27"
3968,"31,0' 6"
3969,"31,0'!6"
3970,"31,0'&6"
3971,"31,0''7"
3972,"31,0'(6"
3973,"31,0')5"
3974,"31,0'*6"
3975,"31,0'+7"
3976,"31,0'06"
3977,"31,0'27"
3978,"31,0( 6"
3979,"31,0(!6"
3980,"31,0(&6"
3981,"31,0('6"
3982,"31,0((6"
3983,"31,0()6"
3984,"31,0(*6"
3985,"31,0(+6"
3986,"31,0(06"
3987,"31,0) 7"
3988,"31,0)!7"
3989,"31,0)&7"
3990,"31,0)'7"
3991,"31,0)(7"
3992,"31,0))8"
3993,"31,0)*7"
3994,"31,0)+6"
3995,"31,0)07"
3996,"31,0)28"
3997,"31,0* :"
3998,"31,0*!:"
3999,"31,0*&:"
4000,"31,0*':"
4001,"31,0*(:"
4002,"31,0*):"
4003,"31,0**:"
4004,"31,0*+:"
4005,"31,0*0:"
4006,"31,0*2;"
4007,"31,0+ ;"
4008,"31,0+!;"
4009,"31,0+&;"
4010,"31,0+';"
4011,"31,0+(;"
4012,"31,0+);"
4013,"31,0+*;"
4014,"31,0++<"
4015,"31,0+0;"
4016,"31,0+2<"
4017,"31,0- 5"
4018,"31,0-!5"
4019,"31,0-&5"
4020,"31,0-'5"
4021,"31,0-(5"
4022,"31,0-)5"
4023,"31,0-*5"
4024,"31,0-+5"
4025,"31,0-05"
4026,"31,0-25"
4027,"31,0-44"
4028,"31,0. 4"
4029,"31,0.!4"
4030,"31,0.&4"
4031,"31,0.'4"
4032,"31,0.(4"
4033,"31,0.)4"
4034,"31,0.*4"
4035,"31,0.+4"
4036,"31,0.04"
4037,"31,0.25"
4038,"31,00 5"
4039,"31,00!5"
4040,"31,00&5"
4041,"31,00'5"
4042,"31,00(5"
4043,"31,00)5"
4044,"31,00*5"
4045,"31,00+5"
4046,"31,0005"
4047,"31,0026"
4048,"31,01 7"
4049,"31,01!7"
4050,"31,01&7"
4051,"31,01'7"
4052,"31,01(7"
4053,"31,01)7"
4054,"31,01*7"
4055,"31,01+7"
4056,"31,0107"
4057,"31,0128"
4058,"31,02 3"
4059,"31,02!3"
4060,"31,02&3"
4061,"31,02'3"
4062,"31,02(3"
4063,"31,02)2"
4064,"31,02*3"
4065,"31,02+3"
4066,"31,0203"
4067,"31,0224"
4068,"31,03 %"
4069,"31,03!%"
4070,"31,03&%"
4071,"31,03'%"
4072,"31,03(%"
4073,"31,03)%"
4074,"31,03*%"
4075,"31,03+%"
4076,"31,030%"
4077,"31,032%"
4078,"31,04 %"
4079,"31,04!%"
4080,"31,04&%"
4081,"31,04'%"
4082,"31,04(%"
4083,"31,04)%"
4084,"31,04*%"
4085,"31,04+%"
4086,"31,040%"
4087,"31,042$"
4088,"31,05"
4089,"31,07 2"
4090,"31,07!2"
4091,"31,07&2"
4092,"31,07'2"
4093,"31,07(2"
4094,"31,07)1"
4095,"31,07*2"
4096,"31,07+2"
4097,"31,0702"
4098,"31,0723"
4099,"31,08 8"
4100,"31,08!8"
4101,"31,08&8"
4102,"31,08'8"
4103,"31,08(8"
4104,"31,08)7"
4105,"31,08*8"
4106,"31,08+8"
4107,"31,0808"
4108,"31,0829"
4109,"31,09 >"
4110,"31,09!>"
4111,"31,09%>"
4112,"31,09&>"
4113,"31,09'>"
4114,"31,09(="
4115,"31,09)>"
4116,"31,09*>"
4117,"31,09/>"
4118,"31,091?"
4119,"31,0: <"
4120,"31,0:!="
4121,"31,0:&="
4122,"31,0:'="
4123,"31,0:(="
4124,"31,0:)<"
4125,"31,0:*="
4126,"31,0:-="
4127,"31,0:/>"
4128,"31,0; ;"
4129,"31,0;!5"
4130,"31,0;&<"
4131,"31,0;'8"
4132,"31,0;(5"
4133,"31,0;);"
4134,"31,0;*;"
4135,"31,0;/;"
4136,"31,0;1<"
4137,"31,0< 4"
4138,"31,0<!4"
4139,"31,0<&4"
4140,"31,0<'4"
4141,"31,0<(4"
4142,"31,0<)4"
4143,"31,0<*4"
4144,"31,0<+4"
4145,"31,0<04"
4146,"31,0<25"
4147,33++41$
4148,"33++42"""
4149,33++81%
4150,31''*06
4151,31''*16
4152,31''+06
4153,31''+17
4154,32*1*/8
4155,32*1*08
4156,32*1+/;
4157,32*1+0<
4158,32*18/&
4159,31+' 05
4160,31+' 16
4161,31+'!0:
4162,31+'!1:
4163,"31+'""0:"
4164,"31+'""1:"
4165,31+'#04
4166,31+'#14
4167,31+'$04
4168,31+'$14
4169,31+'%05
4170,31+'%15
4171,31+'&06
4172,31+'&16
4173,31+''07
4174,31+''17
4175,31+'(06
4176,31+'(16
4177,31+')07
4178,31+')17
4179,31+'*07
4180,31+'*17
4181,31+'+08
4182,31+'+18
4183,31+'-05
4184,31+'-14
4185,31+'.04
4186,31+'.14
4187,31+'005
4188,31+'015
4189,31+'108
4190,31+'118
4191,31+'202
4192,31+'212
4193,31+'30)
4194,31+'31(
4195,31+'40$
4196,"31+'41"""
4197,31+'702
4198,31+'712
4199,31+'80<
4200,31+'81:
4201,31+'90>
4202,31+'91>
4203,31+':-=
4204,31+':.=
4205,31+';1;
4206,31+';2;
4207,31+'<04
4208,31+'<14
4209,33(123.
4210,31.0- 5
4211,31.0-!5
4212,31.0-&5
